2243,0.99713135,3.9957275,0.07550049,3.9996338,-3,35,-1,-79,20,84
2257,0.99713135,3.9956665,0.07543945,3.9996338,-4,-62,-1,-101,23,95
2258,0.99713135,3.9956665,0.07537842,3.9996338,-4,124,-1,-119,25,-96
2274,0.99713135,3.9956055,0.07531738,3.9996338,-4,75,-1,124,27,62
2289,0.99713135,3.9955444,0.07525635,3.9996338,-4,37,-1,113,28,116
2289,0.99713135,3.9954834,0.07519531,3.9996338,-4,9,-1,111,29,93
2305,0.99713135,3.9954224,0.07513428,3.9996338,-5,-15,-1,104,30,7
2321,0.99713135,3.9954224,0.07513428,3.9996338,-5,-33,-1,101,30,126
2321,0.99713135,3.9953613,0.07507324,3.9996338,-5,-48,-1,99,30,-44
2337,0.99713135,3.9953003,0.07501221,3.9996338,-5,-54,-1,96,31,24
2337,0.99713135,3.9953003,0.07495117,3.9996338,-5,-58,-1,93,31,71
2353,0.99713135,3.9952393,0.07489014,3.9995728,-5,-62,-1,93,31,108
2369,0.99713135,3.9951782,0.07489014,3.9995728,-5,-63,-1,85,31,-121
2369,0.99713135,3.9951172,0.0748291,3.9995728,-5,-65,-1,83,31,-102
2385,0.99713135,3.9950562,0.07476807,3.9995728,-5,-70,-1,84,31,-90
2401,0.99713135,3.994995,0.07470703,3.9995728,-5,-75,-1,87,31,-76
2401,0.9971924,3.994995,0.074645996,3.9995728,-5,-75,-1,88,31,-60
2417,0.9971924,3.994934,0.07458496,3.9995728,-5,-76,-1,81,31,-52
2417,0.9971924,3.994873,0.074523926,3.9995728,-5,-75,-1,83,31,-50
2433,0.9971924,3.994812,0.074523926,3.9995728,-5,-77,-1,86,31,-50
2449,0.9971924,3.994812,0.07446289,3.9995728,-5,-75,-1,88,31,-52
2449,0.9971924,3.994751,0.074401855,3.9995728,-5,-76,-1,87,31,-58
2465,0.9971924,3.99469,0.07434082,3.9995728,-5,-76,-1,91,31,-60
2481,0.9971924,3.994629,0.074279785,3.9995728,-5,-75,-1,94,31,-58
2481,0.9971924,3.994629,0.074279785,3.9995728,-5,-74,-1,95,31,-57
2497,0.9971924,3.9945679,0.07421875,3.9995117,-5,-82,-1,92,31,-43
2497,0.9971924,3.9945068,0.074157715,3.9995117,-5,-81,-1,93,31,-39
2513,0.9971924,3.9945068,0.074157715,3.9995117,-5,-78,-1,92,31,-41
2529,0.9971924,3.9944458,0.07409668,3.9995117,-5,-81,-1,91,31,-42
2529,0.9971924,3.9944458,0.074035645,3.9995117,-5,-85,-1,91,31,-43
2545,0.9971924,3.9943848,0.074035645,3.9995117,-5,-88,-1,89,31,-47
2561,0.9971924,3.9943237,0.07397461,3.9995117,-5,-89,-1,86,31,-48
2561,0.9971924,3.9942627,0.073913574,3.9995117,-5,-86,-1,86,31,-47
2577,0.9971924,3.9942017,0.073913574,3.9995117,-5,-84,-1,83,31,-50
2577,0.9971924,3.9942017,0.07385254,3.9995117,-5,-77,-1,89,31,-50
2609,0.9972534,3.9941406,0.073791504,3.9995117,-5,-82,-1,87,31,-54
2610,0.9972534,3.9940796,0.07373047,3.9995117,-5,-79,-1,85,31,-49
2625,0.9972534,3.9940186,0.07373047,3.9994507,-5,-81,-1,90,31,-49
2641,0.9972534,3.9940186,0.07366943,3.9994507,-5,-79,-1,87,31,-50
2641,0.9972534,3.9939575,0.0736084,3.9994507,-5,-77,-1,86,31,-49
2657,0.9972534,3.9938965,0.0736084,3.9994507,-5,-75,-1,88,31,-49
2657,0.9972534,3.9938965,0.07354736,3.9994507,-5,-76,-1,88,31,-49
2673,0.9972534,3.9938354,0.07348633,3.9994507,-5,-75,-1,84,31,-45
2689,0.9972534,3.9937744,0.07342529,3.9994507,-5,-74,-1,82,31,-44
2689,0.9972534,3.9937744,0.07342529,3.9994507,-5,-70,-1,81,31,-42
2705,0.9972534,3.9937134,0.07336426,3.9994507,-5,-71,-1,84,31,-45
2721,0.9972534,3.9936523,0.07330322,3.9994507,-5,-70,-1,85,31,-49
2721,0.9972534,3.9936523,0.07330322,3.9994507,-5,-73,-1,85,31,-48
2737,0.9972534,3.9935913,0.07324219,3.9994507,-5,-78,-1,87,31,-50
2737,0.9972534,3.9935913,0.07324219,3.9994507,-5,-81,-1,90,31,-46
2753,0.9972534,3.9935303,0.07318115,3.9994507,-5,-78,-1,88,31,-46
2770,0.9972534,3.9934692,0.07312012,3.9994507,-5,-74,-1,84,31,-50
2770,0.9972534,3.9934692,0.07312012,3.9994507,-5,-72,-1,80,31,-48
2785,0.9972534,3.9934082,0.07305908,3.9994507,-5,-72,-1,84,31,-44
2801,0.9972534,3.9934082,0.07299805,3.9993896,-5,-73,-1,87,31,-43
2801,0.9972534,3.9933472,0.07299805,3.9993896,-5,-71,-1,86,31,-43
2817,0.9972534,3.9933472,0.07293701,3.9993896,-5,-75,-1,86,31,-47
2833,0.9972534,3.9932861,0.07293701,3.9993896,-5,-78,-1,85,31,-52
2833,0.99731445,3.9932861,0.07287598,3.9993896,-5,-78,-1,86,31,-48
2849,0.99731445,3.993225,0.07287598,3.9993896,-5,-77,-1,85,31,-46
2849,0.99731445,3.993164,0.07281494,3.9993896,-5,-77,-1,81,31,-46
2866,0.99731445,3.993164,0.072753906,3.9993896,-5,-74,-1,80,31,-41
2881,0.99731445,3.993164,0.072753906,3.9993896,-5,-73,-1,81,31,-44
2882,0.99731445,3.993103,0.07269287,3.9993896,-5,-72,-1,83,31,-52
2897,0.99731445,3.993042,0.072631836,3.9993896,-5,-68,-1,80,31,-49
2913,0.99731445,3.993042,0.072631836,3.9993896,-5,-70,-1,75,31,-45
2913,0.99731445,3.992981,0.0725708,3.9993896,-5,-71,-1,82,31,-45
2929,0.99731445,3.992981,0.0725708,3.9993896,-5,-67,-1,80,31,-42
2929,0.99731445,3.99292,0.072509766,3.9993286,-5,-67,-1,81,31,-43
2945,0.99731445,3.99292,0.072509766,3.9993896,-5,-67,-1,81,31,-42
2961,0.99731445,3.992859,0.07244873,3.9993896,-5,-69,-1,81,31,-42
2961,0.99731445,3.992859,0.072387695,3.9993286,-5,-71,-1,80,31,-43
2977,0.99731445,3.9927979,0.072387695,3.9993286,-5,-71,-1,79,31,-36
2994,0.99731445,3.9927979,0.07232666,3.9993286,-5,-72,-1,82,31,-43
2994,0.99731445,3.9927368,0.07232666,3.9993286,-5,-73,-1,78,31,-47
3009,0.99731445,3.9927368,0.072265625,3.9993286,-5,-72,-1,79,31,-50
3010,0.99731445,3.9926758,0.072265625,3.9993286,-5,-76,-1,82,31,-49
3025,0.99731445,3.9926758,0.07220459,3.9993286,-5,-79,-1,84,31,-52
3041,0.99731445,3.9926147,0.07220459,3.9993286,-5,-80,-1,88,31,-53
3041,0.99731445,3.9926147,0.07220459,3.9993286,-5,-79,-1,84,31,-56
3057,0.99731445,3.9925537,0.072143555,3.9993286,-5,-75,-1,82,31,-56
3073,0.99731445,3.9925537,0.07208252,3.9993286,-5,-70,-1,85,31,-48
3073,0.99731445,3.9925537,0.07208252,3.9993286,-5,-70,-1,81,31,-49
3089,0.99731445,3.9924927,0.072021484,3.9993286,-5,-74,-1,86,31,-51
3089,0.99731445,3.9924927,0.072021484,3.9993286,-5,-74,-1,85,31,-48
3105,0.99731445,3.9924316,0.072021484,3.9993286,-5,-75,-1,83,31,-55
3121,0.9973755,3.9924316,0.07196045,3.9993286,-5,-73,-1,83,31,-57
3122,0.9973755,3.9923706,0.07196045,3.9993286,-5,-72,-1,81,31,-57
3137,0.9973755,3.9923706,0.071899414,3.9993286,-5,-69,-1,84,31,-54
3153,0.9973755,3.9923096,0.07183838,3.9992676,-5,-69,-1,84,31,-49
3153,0.9973755,3.9923096,0.07183838,3.9992676,-5,-66,-1,82,31,-50
3169,0.9973755,3.9922485,0.071777344,3.9992676,-5,-70,-1,83,31,-52
3169,0.9973755,3.9922485,0.071777344,3.9992676,-5,-70,-1,85,31,-57
3185,0.9973755,3.9922485,0.071777344,3.9992676,-5,-71,-1,82,31,-56
3201,0.9973755,3.9921875,0.07171631,3.9992676,-5,-75,-1,78,31,-56
3201,0.9973755,3.9921875,0.07171631,3.9992676,-5,-75,-1,80,31,-57
3217,0.9973755,3.9921265,0.07165527,3.9992676,-5,-74,-1,76,31,-55
3232,0.9973755,3.9921265,0.07165527,3.9992676,-5,-76,-1,85,31,-52
3233,0.9973755,3.9920654,0.07165527,3.9992676,-5,-75,-1,90,31,-52
3249,0.9973755,3.9920654,0.07159424,3.9992676,-5,-78,-1,94,31,-52
3250,0.9973755,3.9920654,0.07159424,3.9992676,-5,-79,-1,94,31,-48
3265,0.9973755,3.9920044,0.0715332,3.9992676,-5,-81,-1,92,31,-53
3281,0.9973755,3.9920044,0.0715332,3.9992676,-5,-80,-1,91,31,-54
3281,0.9973755,3.9920044,0.0715332,3.9992676,-5,-80,-1,90,31,-51
3297,0.9973755,3.9919434,0.0715332,3.9992676,-5,-81,-1,83,31,-48
3313,0.9973755,3.9919434,0.07147217,3.9992676,-5,-84,-1,82,31,-52
3313,0.9973755,3.9918823,0.07147217,3.9992676,-5,-82,-1,81,31,-54
3329,0.9973755,3.9918823,0.07141113,3.9992676,-5,-83,-1,78,31,-54
3329,0.9973755,3.9918213,0.07141113,3.9992676,-5,-82,-1,80,31,-53
3345,0.9973755,3.9918213,0.07141113,3.9992676,-5,-77,-1,79,31,-52
3362,0.9973755,3.9917603,0.0713501,3.9992676,-5,-78,-1,79,31,-50
3362,0.9973755,3.9917603,0.0713501,3.9992676,-5,-77,-1,76,31,-50
3377,0.9973755,3.9917603,0.0713501,3.9992676,-5,-78,-1,77,31,-47
3393,0.9973755,3.9916992,0.07128906,3.9992676,-5,-76,-1,78,31,-50
3393,0.9973755,3.9916992,0.07128906,3.9992676,-5,-74,-1,76,31,-56
3409,0.9973755,3.9916382,0.07128906,3.9992676,-5,-71,-1,73,31,-55
3409,0.9973755,3.9916382,0.07122803,3.9992676,-5,-68,-1,78,31,-51
3425,0.9973755,3.9916382,0.07122803,3.9992676,-5,-69,-1,79,31,-43
3441,0.9973755,3.9915771,0.07116699,3.9992065,-5,-71,-1,83,31,-42
3441,0.9973755,3.9915771,0.07116699,3.9992065,-5,-71,-1,84,31,-42
3457,0.9973755,3.9915771,0.07110596,3.9992065,-5,-73,-1,87,31,-44
3474,0.9973755,3.9915771,0.07110596,3.9992065,-5,-78,-1,88,31,-44
3474,0.9973755,3.991516,0.07110596,3.9992676,-5,-82,-1,87,31,-48
3489,0.9973755,3.991516,0.07110596,3.9992065,-5,-77,-1,87,31,-42
3489,0.9973755,3.991516,0.07104492,3.9992065,-5,-78,-1,88,31,-44
3505,0.9973755,3.991455,0.07104492,3.9992065,-5,-75,-1,87,31,-42
3522,0.9974365,3.991455,0.07098389,3.9992065,-5,-75,-1,89,31,-44
3522,0.9974365,3.991455,0.07098389,3.9992065,-5,-78,-1,88,31,-44
3538,0.9974365,3.991394,0.07098389,3.9992065,-5,-75,-1,85,31,-39
3553,0.9974365,3.991394,0.07092285,3.9992065,-5,-73,-1,77,31,-37
3554,0.9974365,3.991394,0.07092285,3.9992065,-5,-74,-1,82,31,-42
3570,0.9974365,3.991333,0.07092285,3.9992065,-5,-77,-1,84,31,-49
3570,0.9974365,3.991333,0.07086182,3.9992065,-5,-72,-1,80,31,-51
3586,0.9974365,3.991333,0.07086182,3.9992065,-5,-74,-1,78,31,-47
3601,0.9974365,3.991272,0.07086182,3.9992065,-5,-73,-1,80,31,-46
3602,0.9974365,3.991272,0.07080078,3.9992065,-5,-75,-1,82,31,-47
3617,0.9974365,3.991272,0.07080078,3.9992065,-5,-79,-1,85,31,-51
3633,0.9974365,3.991272,0.07080078,3.9992065,-5,-78,-1,93,31,-48
3633,0.9974365,3.991211,0.070739746,3.9992065,-5,-73,-1,94,31,-55
3649,0.9974365,3.991211,0.070739746,3.9992065,-5,-70,-1,92,31,-61
3649,0.9974365,3.991211,0.070739746,3.9992065,-5,-73,-1,89,31,-59
3665,0.9974365,3.991211,0.07067871,3.9991455,-5,-75,-1,87,31,-59
3681,0.9974365,3.991211,0.07067871,3.9991455,-5,-76,-1,87,31,-60
3681,0.9974365,3.99115,0.07067871,3.9991455,-5,-79,-1,84,31,-57
3697,0.9974365,3.99115,0.07067871,3.9991455,-5,-74,-1,80,31,-52
3714,0.9974365,3.99115,0.070617676,3.9991455,-5,-73,-1,82,31,-53
3714,0.9974365,3.9910889,0.070617676,3.9991455,-5,-71,-1,82,31,-46
3729,0.9974365,3.9910889,0.07055664,3.9991455,-5,-70,-1,84,31,-46
3730,0.9974365,3.9910889,0.07055664,3.9991455,-5,-70,-1,84,31,-51
3745,0.9974365,3.9910889,0.07055664,3.9991455,-5,-69,-1,90,31,-48
3761,0.9974365,3.9910278,0.070495605,3.9991455,-5,-74,-1,89,31,-48
3761,0.9974365,3.9910278,0.070495605,3.9991455,-5,-73,-1,89,31,-51
3777,0.9974365,3.9910278,0.070495605,3.9990845,-5,-76,-1,91,31,-49
3793,0.9974365,3.9910278,0.070495605,3.9990845,-5,-77,-1,92,31,-50
3793,0.9974365,3.9909668,0.070495605,3.9990845,-5,-80,-1,89,31,-53
3809,0.9974365,3.9909668,0.07043457,3.9990845,-5,-78,-1,85,31,-50
3809,0.9974365,3.9909668,0.07043457,3.9990845,-5,-79,-1,85,31,-53
3825,0.9974365,3.9909058,0.07043457,3.9990845,-5,-78,-1,84,31,-56
3841,0.9974365,3.9909058,0.07043457,3.9990845,-5,-85,-1,85,31,-56
3841,0.9974365,3.9909058,0.07043457,3.9990845,-5,-84,-1,83,31,-54
3858,0.9974365,3.9909058,0.070373535,3.9990845,-5,-82,-1,83,31,-58
3873,0.9974365,3.9908447,0.070373535,3.9990845,-5,-82,-1,85,31,-56
3874,0.9974365,3.9908447,0.070373535,3.9990845,-5,-81,-1,83,31,-57
3889,0.9974365,3.9908447,0.070373535,3.9990845,-5,-77,-1,84,31,-55
3890,0.9974365,3.9908447,0.070373535,3.9990845,-5,-74,-1,84,31,-52
3905,0.9974365,3.9908447,0.0703125,3.9990845,-5,-72,-1,88,31,-53
3921,0.9974365,3.9907837,0.0703125,3.9990845,-5,-69,-1,92,31,-55
3921,0.9974365,3.9907837,0.0703125,3.9990845,-5,-68,-1,88,31,-55
3937,0.9974365,3.9907837,0.0703125,3.9990845,-5,-70,-1,87,31,-56
3954,0.9974365,3.9907837,0.070251465,3.9990845,-5,-71,-1,82,31,-58
3954,0.9974365,3.9907227,0.070251465,3.9990234,-5,-73,-1,79,31,-58
3969,0.9974365,3.9907227,0.070251465,3.9990234,-5,-72,-1,82,31,-60
3985,0.9974365,3.9907227,0.070251465,3.9990234,-5,-72,-1,87,31,-55
3985,0.9974365,3.9907227,0.07019043,3.9990234,-5,-73,-1,86,31,-50
4001,0.9974365,3.9907227,0.07019043,3.9990234,-5,-75,-1,85,31,-42
4001,0.9974365,3.9906616,0.07019043,3.9990234,-5,-78,-1,84,31,-44
4017,0.9974365,3.9906616,0.07019043,3.9990234,-5,-80,-1,80,31,-46
4033,0.9974365,3.9906616,0.07019043,3.9990234,-5,-82,-1,78,31,-51
4033,0.9974365,3.9906006,0.070129395,3.9990234,-5,-81,-1,79,31,-39
4049,0.9974365,3.9906006,0.070129395,3.9990234,-5,-83,-1,80,31,-39
4049,0.9974365,3.9906006,0.070129395,3.9990234,-5,-80,-1,78,31,-47
4065,0.9974365,3.9906006,0.070129395,3.9990234,-5,-83,-1,78,31,-52
4082,0.9974365,3.9905396,0.07006836,3.9990234,-5,-83,-1,77,31,-49
4082,0.9974365,3.9905396,0.07006836,3.9990234,-5,-82,-1,76,31,-46
4098,0.9974365,3.9905396,0.07006836,3.9990234,-5,-85,-1,77,31,-46
4113,0.9974365,3.9905396,0.07006836,3.9990234,-5,-82,-1,79,31,-47
4114,0.9974365,3.9904785,0.07006836,3.9990234,-5,-85,-1,83,31,-39
4129,0.9974365,3.9904785,0.07006836,3.9990234,-5,-89,-1,83,31,-47
4145,0.9974365,3.9904785,0.070007324,3.9990234,-5,-91,-1,83,31,-46
4145,0.9974365,3.9904785,0.070007324,3.9989624,-5,-83,-1,82,31,-48
4161,0.99749756,3.9904175,0.070007324,3.9989624,-5,-83,-1,84,31,-54
4161,0.99749756,3.9904175,0.070007324,3.9989624,-5,-84,-1,81,31,-58
4176,0.99749756,3.9904175,0.070007324,3.9989624,-5,-83,-1,85,31,-54
4193,0.99749756,3.9904175,0.070007324,3.9989624,-5,-83,-1,84,31,-46
4193,0.99749756,3.9903564,0.070007324,3.9989624,-5,-82,-1,81,31,-44
4209,0.99749756,3.9903564,0.06994629,3.9989624,-5,-78,-1,81,31,-44
4225,0.99749756,3.9903564,0.06994629,3.9989624,-5,-74,-1,78,31,-55
4225,0.99749756,3.9903564,0.06994629,3.9989624,-5,-78,-1,74,31,-55
4242,0.99749756,3.9902954,0.06994629,3.9989624,-5,-77,-1,76,31,-52
4242,0.99749756,3.9902954,0.06994629,3.9989624,-5,-78,-1,81,31,-51
4256,0.99749756,3.9902954,0.069885254,3.9989624,-5,-79,-1,81,31,-54
4273,0.99749756,3.9902954,0.069885254,3.9989624,-5,-80,-1,78,31,-55
4274,0.99749756,3.9902954,0.069885254,3.9989624,-5,-77,-1,81,31,-53
4289,0.99749756,3.9902344,0.069885254,3.9989624,-5,-77,-1,83,31,-50
4305,0.99749756,3.9902344,0.069885254,3.9989624,-5,-79,-1,86,31,-50
4305,0.99749756,3.9902344,0.069885254,3.9989624,-5,-80,-1,91,31,-45
4321,0.99749756,3.9902344,0.06982422,3.9989624,-5,-76,-1,86,31,-47
4321,0.99749756,3.9902344,0.06982422,3.9989624,-5,-80,-1,81,31,-45
4337,0.99749756,3.9902344,0.06982422,3.9989624,-5,-77,-1,82,31,-45
4353,0.99749756,3.9901733,0.06982422,3.9989624,-5,-76,-1,78,31,-44
4353,0.99749756,3.9901733,0.06982422,3.9989624,-5,-79,-1,80,31,-51
4369,0.99749756,3.9901733,0.06976318,3.9989624,-5,-77,-1,81,31,-51
4384,0.99749756,3.9901733,0.06976318,3.9989014,-5,-74,-1,81,31,-41
4385,0.99749756,3.9901733,0.06976318,3.9989014,-5,-77,-1,87,31,-44
4401,0.99749756,3.9901733,0.06976318,3.9989014,-5,-77,-1,88,31,-43
4402,0.99749756,3.9901123,0.06976318,3.9989014,-5,-73,-1,82,31,-50
4417,0.99749756,3.9901123,0.06970215,3.9989014,-5,-77,-1,83,31,-43
4433,0.99749756,3.9901123,0.06970215,3.9989014,-5,-76,-1,82,31,-38
4433,0.99749756,3.9901123,0.06970215,3.9989014,-5,-76,-1,81,31,-45
4449,0.99749756,3.9901123,0.06970215,3.9989014,-5,-77,-1,84,31,-50
4466,0.99749756,3.9901123,0.06970215,3.9989014,-5,-73,-1,83,31,-52
4466,0.99749756,3.9900513,0.06970215,3.9989014,-5,-78,-1,78,31,-53
4482,0.99749756,3.9900513,0.06970215,3.9989014,-5,-74,-1,79,31,-50
4482,0.99749756,3.9900513,0.06964111,3.9989014,-5,-70,-1,80,31,-49
4498,0.99749756,3.9900513,0.06964111,3.9989014,-5,-74,-1,82,31,-46
4513,0.99749756,3.9900513,0.06964111,3.9989014,-5,-74,-1,79,31,-46
4513,0.99749756,3.9899902,0.06964111,3.9989014,-5,-74,-1,80,31,-46
4529,0.99749756,3.9899902,0.06958008,3.9989014,-5,-72,-1,81,31,-46
4545,0.99749756,3.9899902,0.06958008,3.9989014,-5,-72,-1,83,31,-48
4545,0.99749756,3.9899902,0.06958008,3.9989014,-5,-69,-1,80,31,-48
4560,0.99749756,3.9899902,0.06958008,3.9989014,-5,-69,-1,86,31,-44
4561,0.99749756,3.9899902,0.06958008,3.9989014,-5,-73,-1,87,31,-41
4577,0.99749756,3.9899902,0.06958008,3.9989014,-5,-78,-1,88,31,-43
4593,0.99749756,3.9899902,0.06951904,3.9989014,-5,-81,-1,87,31,-46
4593,0.99749756,3.9899902,0.06951904,3.9989014,-5,-78,-1,88,31,-44
4609,0.99749756,3.9899902,0.06951904,3.9989014,-5,-79,-1,87,31,-41
4625,0.99749756,3.9899292,0.06951904,3.9989014,-5,-72,-1,82,31,-43
4625,0.99749756,3.9899292,0.06951904,3.9989014,-5,-75,-1,85,31,-40
4641,0.99749756,3.9899292,0.06951904,3.9989014,-5,-77,-1,89,31,-39
4641,0.99749756,3.9899292,0.06951904,3.9989014,-5,-76,-1,91,31,-45
4657,0.99749756,3.9899292,0.06951904,3.9989014,-5,-75,-1,89,31,-45
4673,0.99749756,3.9899292,0.06945801,3.9989014,-5,-74,-1,93,31,-50
4674,0.99749756,3.9899292,0.06945801,3.9989014,-5,-79,-1,92,31,-53
4689,0.99749756,3.9899292,0.06945801,3.9989014,-5,-79,-1,88,31,-53
4705,0.99749756,3.9899292,0.06945801,3.9989014,-5,-77,-1,84,31,-52
4705,0.99749756,3.9898682,0.06945801,3.9989014,-5,-75,-1,79,31,-48
4721,0.99749756,3.9898682,0.06945801,3.9989014,-5,-75,-1,80,31,-51
4721,0.99749756,3.9898682,0.06939697,3.9989014,-5,-73,-1,76,31,-47
4737,0.99749756,3.9898682,0.06939697,3.9989014,-5,-71,-1,80,31,-38
4753,0.99749756,3.9898682,0.06939697,3.9989014,-5,-71,-1,82,31,-44
4753,0.99749756,3.9898682,0.06939697,3.9989014,-5,-74,-1,85,31,-49
4768,0.99749756,3.9898682,0.06939697,3.9989014,-5,-75,-1,85,31,-49
4785,0.99749756,3.9898682,0.06939697,3.9989014,-5,-76,-1,88,31,-48
4785,0.99749756,3.9898682,0.06939697,3.9989014,-5,-76,-1,85,31,-42
4801,0.99749756,3.9898682,0.06933594,3.9989014,-5,-75,-1,88,31,-45
4801,0.99749756,3.9898071,0.06933594,3.9989014,-5,-78,-1,86,31,-45
4817,0.99749756,3.9898071,0.06933594,3.9989014,-5,-79,-1,85,31,-53
4833,0.99749756,3.9898071,0.06933594,3.9989014,-5,-80,-1,89,31,-61
4833,0.99749756,3.9898071,0.06933594,3.9989014,-5,-78,-1,86,31,-62
4848,0.99749756,3.9898071,0.06933594,3.9989014,-5,-74,-1,83,31,-61
4865,0.99749756,3.9898071,0.06933594,3.9989014,-5,-77,-1,80,31,-59
4866,0.99749756,3.9898071,0.06933594,3.9989014,-5,-80,-1,78,31,-52
4881,0.99749756,3.989746,0.06933594,3.9988403,-5,-80,-1,79,31,-52
4882,0.99749756,3.989746,0.06933594,3.9988403,-5,-82,-1,77,31,-51
4897,0.99749756,3.989746,0.0692749,3.9988403,-5,-78,-1,79,31,-51
4913,0.99749756,3.989746,0.0692749,3.9988403,-5,-74,-1,80,31,-51
4913,0.99749756,3.989746,0.0692749,3.9988403,-5,-75,-1,85,31,-52
4929,0.99749756,3.989746,0.0692749,3.9988403,-5,-77,-1,84,31,-46
4944,0.99749756,3.989746,0.0692749,3.9988403,-5,-78,-1,88,31,-48
4945,0.99749756,3.989746,0.0692749,3.9988403,-5,-77,-1,88,31,-48
4961,0.99749756,3.989746,0.0692749,3.9988403,-5,-81,-1,85,31,-51
4961,0.99749756,3.989746,0.0692749,3.9988403,-5,-82,-1,82,31,-48
4978,0.99749756,3.989685,0.0692749,3.9988403,-5,-78,-1,82,31,-53
4993,0.99749756,3.989685,0.0692749,3.9988403,-5,-78,-1,82,31,-47
4993,0.99749756,3.989685,0.0692749,3.9988403,-5,-80,-1,81,31,-43
5009,0.99749756,3.989685,0.0692749,3.9988403,-5,-83,-1,81,31,-37
5025,0.99749756,3.989685,0.0692749,3.9988403,-5,-81,-1,85,31,-43
5025,0.99749756,3.989685,0.06921387,3.9988403,-5,-81,-1,87,31,-47
5041,0.99749756,3.989685,0.06921387,3.9988403,-5,-81,-1,89,31,-51
5041,0.99749756,3.989685,0.06921387,3.9988403,-5,-78,-1,86,31,-51
5056,0.99749756,3.989624,0.06921387,3.9988403,-5,-76,-1,81,31,-50
5073,0.99749756,3.989624,0.06921387,3.9988403,-5,-80,-1,81,31,-51
5074,0.99749756,3.989624,0.06921387,3.9988403,-5,-80,-1,81,31,-51
5089,0.99749756,3.989624,0.06921387,3.9988403,-5,-82,-1,90,31,-53
5105,0.99749756,3.989624,0.06921387,3.9988403,-5,-82,-1,87,31,-54
5105,0.99749756,3.989624,0.06921387,3.9988403,-5,-83,-1,85,31,-48
5121,0.99749756,3.989624,0.06921387,3.9988403,-5,-80,-1,81,31,-46
5121,0.99749756,3.989624,0.06921387,3.9988403,-5,-78,-1,83,31,-45
5137,0.99749756,3.989624,0.06921387,3.9988403,-5,-75,-1,85,31,-51
5153,0.99749756,3.989624,0.06915283,3.9988403,-5,-74,-1,84,31,-55
5169,0.99749756,3.989624,0.06915283,3.9988403,-5,-76,-1,85,31,-48
5185,0.99749756,3.989624,0.06915283,3.9988403,-5,-73,-1,85,31,-45
5186,0.99749756,3.989624,0.06915283,3.9988403,-5,-74,-1,84,31,-42
5201,0.99749756,3.989563,0.06915283,3.9988403,-5,-79,-1,81,31,-43
5202,0.99749756,3.989563,0.06915283,3.9988403,-5,-82,-1,80,31,-44
5217,0.99749756,3.989563,0.06915283,3.9988403,-5,-81,-1,80,31,-42
5233,0.99749756,3.989563,0.06915283,3.9988403,-5,-80,-1,82,31,-40
5233,0.99749756,3.989563,0.06915283,3.9988403,-5,-79,-1,86,31,-43
5249,0.99749756,3.989563,0.0690918,3.9988403,-5,-78,-1,86,31,-50
5264,0.99749756,3.989563,0.0690918,3.9988403,-5,-77,-1,84,31,-49
5265,0.99749756,3.989563,0.0690918,3.9988403,-5,-83,-1,87,31,-52
5280,0.99749756,3.989563,0.0690918,3.9988403,-5,-84,-1,89,31,-46
5281,0.99749756,3.989502,0.0690918,3.9988403,-5,-80,-1,86,31,-52
5296,0.99749756,3.989502,0.0690918,3.9988403,-5,-82,-1,89,31,-47
5313,0.99749756,3.989502,0.0690918,3.9988403,-5,-77,-1,89,31,-42
5313,0.99749756,3.989502,0.0690918,3.9988403,-5,-74,-1,87,31,-49
5329,0.99749756,3.989502,0.0690918,3.9987793,-5,-78,-1,86,31,-54
5345,0.99749756,3.989502,0.0690918,3.9988403,-5,-80,-1,85,31,-57
5345,0.99749756,3.989502,0.0690918,3.9988403,-5,-77,-1,88,31,-50
5360,0.99749756,3.989502,0.0690918,3.9987793,-5,-81,-1,86,31,-50
5376,0.99749756,3.989502,0.0690918,3.9987793,-5,-80,-1,86,31,-46
5376,0.99749756,3.989502,0.0690918,3.9987793,-5,-82,-1,86,31,-47
5393,0.99749756,3.989502,0.0690918,3.9987793,-5,-77,-1,85,31,-50
5393,0.99749756,3.989502,0.0690918,3.9987793,-5,-77,-1,82,31,-45
5409,0.99749756,3.989502,0.0690918,3.9987793,-5,-79,-1,84,31,-40
5425,0.99749756,3.989502,0.0690918,3.9987793,-5,-83,-1,82,31,-38
5425,0.99749756,3.989502,0.0690918,3.9987793,-5,-82,-1,85,31,-35
5440,0.99749756,3.989502,0.06903076,3.9988403,-5,-81,-1,87,31,-44
5457,0.99749756,3.989502,0.06903076,3.9988403,-5,-85,-1,88,31,-44
5457,0.99749756,3.989502,0.0690918,3.9988403,-5,-86,-1,88,31,-48
5473,0.99749756,3.989502,0.0690918,3.9988403,-5,-84,-1,86,31,-51
5473,0.99749756,3.989502,0.0690918,3.9987793,-5,-83,-1,88,31,-49
5489,0.99749756,3.989441,0.06903076,3.9988403,-5,-79,-1,84,31,-48
5504,0.99749756,3.989441,0.06903076,3.9987793,-5,-75,-1,84,31,-51
5505,0.99749756,3.989441,0.06903076,3.9987793,-5,-78,-1,81,31,-53
5521,0.99749756,3.989441,0.06903076,3.9987793,-5,-83,-1,81,31,-49
5537,0.99749756,3.989441,0.06903076,3.9987793,-5,-82,-1,81,31,-50
5537,0.99749756,3.989441,0.06903076,3.9987793,-5,-81,-1,85,31,-48
5553,0.99749756,3.989441,0.06903076,3.9987793,-5,-81,-1,86,31,-54
5553,0.99749756,3.989441,0.06903076,3.9987793,-5,-80,-1,83,31,-51
5569,0.99749756,3.989441,0.06903076,3.9987793,-5,-82,-1,85,31,-43
5585,0.99749756,3.989441,0.06903076,3.9987793,-5,-81,-1,85,31,-49
5585,0.99749756,3.989441,0.06896973,3.9987793,-5,-83,-1,85,31,-50
5600,0.99749756,3.989441,0.06896973,3.9987793,-5,-79,-1,84,31,-52
5617,0.9975586,3.989441,0.06896973,3.9987793,-5,-79,-1,83,31,-53
5618,0.99749756,3.98938,0.06896973,3.9987793,-5,-82,-1,82,31,-59
5633,0.99749756,3.98938,0.06896973,3.9987793,-5,-84,-1,82,31,-60
5633,0.99749756,3.98938,0.06896973,3.9987793,-5,-82,-1,82,31,-63
5649,0.99749756,3.98938,0.06896973,3.9987793,-5,-84,-1,79,31,-63
5665,0.99749756,3.98938,0.06896973,3.9987793,-5,-85,-1,78,31,-60
5665,0.99749756,3.98938,0.06896973,3.9987793,-5,-83,-1,83,31,-57
5680,0.9975586,3.98938,0.06896973,3.9987793,-5,-82,-1,83,31,-52
5696,0.9975586,3.98938,0.06896973,3.9987793,-5,-80,-1,80,31,-50
5696,0.9975586,3.98938,0.06896973,3.9987793,-5,-79,-1,80,31,-43
5713,0.9975586,3.98938,0.06896973,3.9987793,-5,-80,-1,79,31,-42
5713,0.9975586,3.98938,0.06896973,3.9987793,-5,-77,-1,77,31,-49
5729,0.9975586,3.98938,0.06896973,3.9987793,-5,-77,-1,82,31,-58
5745,0.9975586,3.98938,0.06896973,3.9987793,-5,-77,-1,80,31,-57
5745,0.9975586,3.98938,0.06896973,3.9987793,-5,-74,-1,82,31,-55
5761,0.9975586,3.98938,0.06896973,3.9987793,-5,-77,-1,87,31,-53
5776,0.9975586,3.98938,0.06896973,3.9987793,-5,-76,-1,86,31,-52
5776,0.9975586,3.98938,0.06896973,3.9987793,-5,-79,-1,85,31,-47
5793,0.9975586,3.9893188,0.06896973,3.9987793,-5,-83,-1,83,31,-44
5793,0.9975586,3.9893188,0.06896973,3.9987793,-5,-81,-1,86,31,-47
5809,0.9975586,3.9893188,0.06896973,3.9987793,-5,-79,-1,88,31,-48
5825,0.9975586,3.9893188,0.06896973,3.9987793,-5,-83,-1,80,31,-43
5825,0.9975586,3.9893188,0.06896973,3.9987793,-5,-83,-1,76,31,-47
5840,0.9975586,3.9893188,0.06896973,3.9987793,-5,-83,-1,79,31,-43
5856,0.9975586,3.9893188,0.06896973,3.9987793,-5,-85,-1,83,31,-42
5856,0.9975586,3.9893188,0.06896973,3.9987793,-5,-81,-1,86,31,-45
5873,0.9975586,3.9893188,0.06890869,3.9987793,-5,-82,-1,85,31,-46
5874,0.9975586,3.9893188,0.06890869,3.9987793,-5,-84,-1,86,31,-51
5889,0.9975586,3.9893188,0.06890869,3.9987793,-5,-86,-1,88,31,-51
5905,0.9975586,3.9893188,0.06890869,3.9987793,-5,-87,-1,85,31,-44
5905,0.9975586,3.9893188,0.06896973,3.9987793,-5,-88,-1,82,31,-42
5921,0.9975586,3.9893188,0.06896973,3.9987793,-5,-85,-1,81,31,-43
5936,0.9975586,3.9893188,0.06896973,3.9987793,-5,-85,-1,87,31,-47
5937,0.9975586,3.9893188,0.06896973,3.9987793,-5,-82,-1,89,31,-52
5952,0.9975586,3.9893188,0.06896973,3.9987793,-5,-82,-1,92,31,-53
5952,0.9975586,3.9893188,0.06896973,3.9987793,-5,-79,-1,92,31,-54
5969,0.9975586,3.9893188,0.06890869,3.9987793,-5,-75,-1,88,31,-56
5985,0.9975586,3.9893188,0.06890869,3.9987793,-5,-77,-1,87,31,-58
5985,0.9975586,3.9893188,0.06890869,3.9987793,-5,-78,-1,86,31,-57
6001,0.9975586,3.9893188,0.06890869,3.9987793,-5,-82,-1,84,31,-55
6016,0.9975586,3.9893188,0.06890869,3.9987793,-5,-80,-1,84,31,-51
6017,0.9975586,3.9893188,0.06890869,3.9987793,-5,-82,-1,80,31,-47
6033,0.9975586,3.9893188,0.06890869,3.9987793,-5,-82,-1,80,31,-53
6033,0.9975586,3.9893188,0.06890869,3.9987793,-5,-81,-1,81,31,-48
6049,0.9975586,3.9893188,0.06890869,3.9987793,-5,-83,-1,79,31,-50
6065,0.9975586,3.9893188,0.06890869,3.9987793,-5,-83,-1,80,31,-57
6065,0.9975586,3.9893188,0.06890869,3.9987793,-5,-81,-1,87,31,-54
6081,0.9975586,3.9893188,0.06890869,3.9987793,-5,-87,-1,85,31,-52
6096,0.9975586,3.9893188,0.06890869,3.9987183,-5,-84,-1,82,31,-49
6097,0.9975586,3.9893188,0.06890869,3.9987183,-5,-83,-1,83,31,-47
6113,0.9975586,3.9893188,0.06890869,3.9987183,-5,-81,-1,82,31,-44
6114,0.9975586,3.9893188,0.06890869,3.9987183,-5,-78,-1,83,31,-40
6129,0.9975586,3.9893188,0.06890869,3.9987183,-5,-82,-1,90,31,-47
6145,0.9975586,3.9893188,0.06890869,3.9987183,-5,-80,-1,91,31,-53
6145,0.9975586,3.9893188,0.06890869,3.9987183,-5,-82,-1,91,31,-50
6161,0.9975586,3.9893188,0.06890869,3.9987183,-5,-78,-1,87,31,-52
6176,0.9975586,3.9893188,0.06890869,3.9987183,-5,-75,-1,87,31,-56
6176,0.9975586,3.9893188,0.068847656,3.9987183,-5,-73,-1,86,31,-61
6192,0.9975586,3.9892578,0.068847656,3.9987183,-5,-72,-1,86,31,-63
6192,0.9975586,3.9892578,0.068847656,3.9987183,-5,-73,-1,87,31,-62
6209,0.9975586,3.9892578,0.068847656,3.9987183,-5,-76,-1,87,31,-54
6225,0.9975586,3.9892578,0.06890869,3.9987183,-5,-78,-1,91,31,-56
6225,0.9975586,3.9892578,0.068847656,3.9987183,-5,-76,-1,92,31,-61
6241,0.9975586,3.9892578,0.068847656,3.9987183,-5,-79,-1,91,31,-59
6256,0.9975586,3.9892578,0.068847656,3.9987183,-5,-80,-1,90,31,-56
6256,0.9975586,3.9893188,0.068847656,3.9987183,-5,-81,-1,91,31,-52
6273,0.9975586,3.9893188,0.068847656,3.9987183,-5,-81,-1,90,31,-48
6273,0.9975586,3.9893188,0.068847656,3.9987183,-5,-80,-1,88,31,-44
6289,0.9975586,3.9893188,0.068847656,3.9987183,-5,-76,-1,82,31,-44
6305,0.9975586,3.9893188,0.068847656,3.9987183,-5,-75,-1,86,31,-48
6305,0.9975586,3.9893188,0.068847656,3.9987183,-5,-71,-1,85,31,-47
6321,0.9975586,3.9893188,0.068847656,3.9987183,-5,-71,-1,84,31,-45
6336,0.9975586,3.9893188,0.068847656,3.9987183,-5,-71,-1,90,31,-45
6337,0.9975586,3.9893188,0.068847656,3.9987183,-5,-72,-1,90,31,-46
6352,0.9975586,3.9893188,0.068847656,3.9987183,-5,-75,-1,89,31,-43
6353,0.9975586,3.9893188,0.068847656,3.9987183,-5,-73,-1,91,31,-43
6369,0.9975586,3.9893188,0.06878662,3.9987183,-5,-74,-1,93,31,-42
6385,0.9975586,3.9893188,0.06878662,3.9987183,-5,-74,-1,89,31,-37
6385,0.9975586,3.9893188,0.06878662,3.9986572,-5,-75,-1,88,31,-38
6401,0.9975586,3.9892578,0.06878662,3.9986572,-5,-74,-1,86,31,-39
6416,0.9975586,3.9892578,0.06878662,3.9986572,-5,-73,-1,85,31,-40
6417,0.9975586,3.9892578,0.06878662,3.9986572,-5,-73,-1,82,31,-43
6433,0.9975586,3.9892578,0.06878662,3.9986572,-5,-79,-1,83,31,-41
6434,0.9975586,3.9892578,0.06878662,3.9986572,-5,-82,-1,82,31,-37
6449,0.9975586,3.9892578,0.06878662,3.9986572,-5,-85,-1,85,31,-37
6465,0.9975586,3.9892578,0.06878662,3.9986572,-5,-78,-1,88,31,-34
6465,0.9975586,3.9892578,0.06878662,3.9986572,-5,-76,-1,88,31,-39
6481,0.9975586,3.9892578,0.06878662,3.9986572,-5,-76,-1,85,31,-41
6497,0.9975586,3.9892578,0.06878662,3.9986572,-5,-81,-1,87,31,-44
6497,0.9975586,3.9892578,0.06878662,3.9986572,-5,-78,-1,87,31,-46
6512,0.9975586,3.9892578,0.06878662,3.9986572,-5,-85,-1,86,31,-46
6513,0.9975586,3.9892578,0.06878662,3.9986572,-5,-87,-1,85,31,-45
6528,0.9975586,3.9892578,0.06878662,3.9986572,-5,-87,-1,85,31,-46
6545,0.9975586,3.9892578,0.06878662,3.9986572,-5,-84,-1,85,31,-47
6545,0.9975586,3.9892578,0.06878662,3.9986572,-5,-82,-1,84,31,-54
6561,0.9975586,3.9892578,0.06878662,3.9986572,-5,-83,-1,80,31,-58
6577,0.9975586,3.9892578,0.06878662,3.9986572,-5,-85,-1,85,31,-57
6577,0.9975586,3.9892578,0.06878662,3.9986572,-5,-84,-1,88,31,-55
6593,0.9975586,3.9892578,0.06878662,3.9986572,-5,-80,-1,88,31,-55
6593,0.9975586,3.9892578,0.06878662,3.9986572,-5,-80,-1,85,31,-53
6609,0.9975586,3.9892578,0.06878662,3.9986572,-5,-81,-1,83,31,-51
6625,0.9975586,3.9892578,0.06878662,3.9986572,-5,-82,-1,82,31,-52
6625,0.9975586,3.9892578,0.06878662,3.9986572,-5,-77,-1,81,31,-55
6640,0.9975586,3.9892578,0.06878662,3.9986572,-5,-75,-1,79,31,-56
6657,0.9975586,3.9892578,0.06878662,3.9986572,-5,-77,-1,83,31,-55
6657,0.9975586,3.9892578,0.06878662,3.9986572,-5,-79,-1,83,31,-58
6673,0.9975586,3.9892578,0.06878662,3.9986572,-5,-83,-1,83,31,-51
6689,0.9975586,3.9891968,0.06878662,3.9986572,-5,-84,-1,80,31,-46
6689,0.9975586,3.9891968,0.06878662,3.9986572,-5,-83,-1,78,31,-48
6705,0.9975586,3.9891968,0.06878662,3.9986572,-5,-82,-1,84,31,-49
6705,0.9975586,3.9891968,0.06878662,3.9986572,-5,-82,-1,87,31,-48
6720,0.9975586,3.9891968,0.06878662,3.9986572,-5,-81,-1,88,31,-47
6737,0.9975586,3.9891968,0.06878662,3.9986572,-5,-82,-1,88,31,-54
6737,0.9975586,3.9891968,0.06878662,3.9986572,-5,-78,-1,86,31,-59
6753,0.9975586,3.9891968,0.06878662,3.9986572,-5,-77,-1,84,31,-62
6769,0.9975586,3.9891968,0.06878662,3.9986572,-5,-74,-1,83,31,-61
6769,0.9975586,3.9891968,0.06878662,3.9986572,-5,-75,-1,81,31,-64
6785,0.9975586,3.9891968,0.06878662,3.9986572,-5,-73,-1,79,31,-58
6785,0.9975586,3.9891968,0.068725586,3.9986572,-5,-74,-1,80,31,-57
6800,0.9975586,3.9891968,0.068725586,3.9986572,-5,-80,-1,84,31,-50
6817,0.9975586,3.9891968,0.06878662,3.9986572,-5,-81,-1,83,31,-49
6817,0.9975586,3.9891968,0.068725586,3.9986572,-5,-76,-1,83,31,-46
6833,0.9975586,3.9891968,0.068725586,3.9986572,-5,-73,-1,80,31,-43
6849,0.9975586,3.9891968,0.068725586,3.9985962,-5,-75,-1,80,31,-41
6849,0.9975586,3.9891968,0.068725586,3.9985962,-5,-74,-1,79,31,-40
6864,0.9975586,3.9891968,0.068725586,3.9985962,-5,-75,-1,73,31,-39
6865,0.9975586,3.9891968,0.068725586,3.9985962,-5,-80,-1,79,31,-38
6880,0.9975586,3.9891968,0.068725586,3.9985962,-5,-83,-1,81,31,-33
6897,0.9975586,3.9891968,0.068725586,3.9985962,-5,-82,-1,84,31,-34
6897,0.9975586,3.9891357,0.068725586,3.9985962,-5,-82,-1,78,31,-42
6913,0.9975586,3.9891357,0.068725586,3.9985962,-5,-81,-1,74,31,-41
6929,0.9975586,3.9891357,0.068725586,3.9985962,-5,-80,-1,76,31,-37
6929,0.9975586,3.9891357,0.068725586,3.9985962,-5,-79,-1,72,31,-41
6944,0.9975586,3.9891357,0.068725586,3.9985962,-5,-78,-1,72,31,-41
6945,0.9975586,3.9891357,0.068725586,3.9985962,-5,-78,-1,74,31,-53
6960,0.9975586,3.9891357,0.068725586,3.9985962,-5,-80,-1,80,31,-58
6977,0.9975586,3.9891357,0.068725586,3.9985962,-5,-83,-1,79,31,-53
6977,0.9975586,3.9891357,0.068725586,3.9985962,-5,-80,-1,77,31,-52
6993,0.9975586,3.9891357,0.068725586,3.9985962,-5,-86,-1,78,31,-51
7008,0.9975586,3.9891357,0.068725586,3.9985962,-5,-83,-1,81,31,-55
7009,0.9975586,3.9891357,0.068725586,3.9985962,-5,-79,-1,85,31,-56
7024,0.9975586,3.9891357,0.068725586,3.9985962,-5,-75,-1,86,31,-52
7024,0.9975586,3.9891357,0.068725586,3.9985962,-5,-77,-1,88,31,-50
7041,0.9975586,3.9891357,0.06866455,3.9985962,-5,-77,-1,86,31,-47
7057,0.9975586,3.9891357,0.06866455,3.9985962,-5,-80,-1,89,31,-48
7057,0.9975586,3.9891357,0.06866455,3.9985962,-5,-82,-1,89,31,-45
7072,0.9975586,3.9891357,0.068725586,3.9985962,-5,-86,-1,83,31,-44
7088,0.9975586,3.9891357,0.068725586,3.9985962,-5,-82,-1,81,31,-43
7088,0.9975586,3.9891357,0.06866455,3.9985962,-5,-82,-1,82,31,-46
7105,0.9975586,3.9891357,0.06866455,3.9985962,-5,-81,-1,83,31,-43
7105,0.9975586,3.9891357,0.06866455,3.9985962,-5,-80,-1,83,31,-47
7121,0.9975586,3.9891357,0.06866455,3.9985962,-5,-78,-1,84,31,-54
7136,0.9975586,3.9891357,0.06866455,3.9985962,-5,-76,-1,79,31,-54
7136,0.9975586,3.9890747,0.06866455,3.9985962,-5,-74,-1,74,31,-56
7153,0.9975586,3.9890747,0.06866455,3.9985962,-5,-75,-1,74,31,-57
7169,0.9975586,3.9890747,0.06866455,3.9985962,-5,-76,-1,72,31,-56
7169,0.9975586,3.9890747,0.06866455,3.9985962,-5,-77,-1,75,31,-54
7184,0.9975586,3.9890747,0.06866455,3.9985962,-5,-78,-1,79,31,-49
7185,0.9975586,3.9890747,0.06866455,3.9985962,-5,-82,-1,81,31,-51
7200,0.9975586,3.9890747,0.06866455,3.9985962,-5,-80,-1,85,31,-47
7217,0.9975586,3.9890747,0.06866455,3.9985962,-5,-82,-1,86,31,-48
7217,0.9975586,3.9890747,0.06866455,3.9985962,-5,-77,-1,85,31,-58
7233,0.9975586,3.9890747,0.06866455,3.9985962,-5,-76,-1,85,31,-61
7248,0.9975586,3.9890747,0.06866455,3.9985962,-5,-77,-1,83,31,-54
7249,0.9975586,3.9890747,0.06866455,3.9985962,-5,-80,-1,83,31,-57
7264,0.9975586,3.9890747,0.06866455,3.9985962,-5,-79,-1,81,31,-49
7264,0.9975586,3.9890747,0.06866455,3.9985962,-5,-78,-1,78,31,-51
7281,0.9975586,3.9890747,0.06866455,3.9985962,-5,-77,-1,79,31,-50
7297,0.9975586,3.9890747,0.06866455,3.9985962,-5,-75,-1,80,31,-51
7297,0.9975586,3.9890747,0.06866455,3.9985962,-5,-74,-1,79,31,-47
7312,0.9975586,3.9890747,0.06866455,3.9985962,-5,-76,-1,78,31,-52
7329,0.9975586,3.9890747,0.06866455,3.9985962,-5,-81,-1,77,31,-51
7329,0.9975586,3.9890747,0.06866455,3.9985962,-5,-77,-1,79,31,-56
7345,0.9975586,3.9890747,0.06866455,3.9985962,-5,-81,-1,82,31,-58
7345,0.9975586,3.9890747,0.06866455,3.9985962,-5,-85,-1,82,31,-61
7361,0.9975586,3.9890747,0.06866455,3.9985352,-5,-83,-1,83,31,-58
7376,0.9975586,3.9890747,0.06866455,3.9985352,-5,-78,-1,82,31,-55
7376,0.9975586,3.9890747,0.06866455,3.9985352,-5,-79,-1,78,31,-53
7393,0.9975586,3.9890747,0.06866455,3.9985352,-5,-84,-1,81,31,-51
7409,0.9975586,3.9890747,0.06866455,3.9985352,-5,-87,-1,81,31,-52
7409,0.9975586,3.9890747,0.06866455,3.9985352,-5,-85,-1,81,31,-55
7424,0.9975586,3.9890747,0.06866455,3.9985962,-5,-82,-1,82,31,-54
7424,0.9975586,3.9890747,0.06866455,3.9985962,-5,-83,-1,84,31,-54
7441,0.9975586,3.9890747,0.06866455,3.9985962,-5,-79,-1,84,31,-45
7457,0.9975586,3.9890747,0.06866455,3.9985352,-5,-75,-1,84,31,-47
7457,0.9975586,3.9890747,0.06866455,3.9985352,-5,-79,-1,83,31,-53
7472,0.9975586,3.9890747,0.06866455,3.9985352,-5,-77,-1,81,31,-48
7489,0.9975586,3.9890747,0.06866455,3.9985352,-5,-83,-1,84,31,-49
7489,0.9975586,3.9890747,0.06866455,3.9985352,-5,-83,-1,82,31,-62
7505,0.9975586,3.9890747,0.06866455,3.9985352,-5,-82,-1,78,31,-60
7505,0.9975586,3.9890747,0.06866455,3.9985352,-5,-82,-1,84,31,-61
7521,0.9975586,3.9890747,0.06866455,3.9985352,-5,-80,-1,85,31,-55
7536,0.9975586,3.9890747,0.06866455,3.9985352,-5,-80,-1,85,31,-52
7536,0.9975586,3.9890747,0.06866455,3.9985352,-5,-82,-1,88,31,-52
7553,0.9975586,3.9890747,0.06866455,3.9985352,-5,-83,-1,87,31,-58
7569,0.9975586,3.9890747,0.06866455,3.9985352,-5,-80,-1,87,31,-62
7569,0.9975586,3.9890747,0.06866455,3.9985352,-5,-78,-1,87,31,-58
7584,0.9975586,3.9890747,0.06866455,3.9985352,-5,-80,-1,88,31,-56
7584,0.9975586,3.9890747,0.06866455,3.9985352,-5,-76,-1,85,31,-55
7600,0.9975586,3.9890747,0.06866455,3.9985352,-5,-76,-1,86,31,-53
7617,0.9975586,3.9890747,0.06866455,3.9985352,-5,-74,-1,79,31,-47
7617,0.9975586,3.9890747,0.06866455,3.9985352,-5,-74,-1,77,31,-45
7633,0.9975586,3.9890747,0.06866455,3.9985352,-5,-75,-1,77,31,-46
7648,0.9975586,3.9890747,0.06866455,3.9985352,-5,-73,-1,81,31,-50
7648,0.9975586,3.9890747,0.06866455,3.9985352,-5,-75,-1,84,31,-52
7665,0.9975586,3.9890747,0.06866455,3.9985352,-5,-78,-1,82,31,-49
7665,0.9975586,3.9890747,0.06866455,3.9985352,-5,-81,-1,84,31,-50
7681,0.9975586,3.9890747,0.06866455,3.9985352,-5,-80,-1,85,31,-48
7696,0.9975586,3.9890747,0.06866455,3.9985352,-5,-85,-1,86,31,-54
7696,0.9975586,3.9890747,0.06866455,3.9985352,-5,-85,-1,87,31,-52
7713,0.9975586,3.9890747,0.06866455,3.9985352,-5,-84,-1,90,31,-53
7729,0.9975586,3.9890747,0.06866455,3.9985352,-5,-80,-1,80,31,-49
7744,0.9975586,3.9890747,0.06866455,3.9985352,-5,-81,-1,76,31,-51
7744,0.9975586,3.9890747,0.06866455,3.9985352,-5,-75,-1,78,31,-53
7760,0.9975586,3.9890747,0.06866455,3.9985352,-5,-76,-1,83,31,-50
7777,0.9975586,3.9890747,0.06866455,3.9985352,-5,-77,-1,81,31,-55
7777,0.9975586,3.9890747,0.06866455,3.9985352,-5,-77,-1,83,31,-54
7793,0.9975586,3.9890747,0.06866455,3.9985352,-5,-78,-1,86,31,-50
7809,0.9975586,3.9890747,0.06866455,3.9985352,-5,-80,-1,92,31,-52
7809,0.9975586,3.9890747,0.06866455,3.9985352,-5,-83,-1,94,31,-47
7824,0.9975586,3.9890747,0.06866455,3.9985352,-5,-89,-1,87,31,-49
7824,0.9975586,3.9890747,0.06866455,3.9985352,-5,-87,-1,84,31,-52
7841,0.9975586,3.9890747,0.06866455,3.9984741,-5,-85,-1,84,31,-53
7856,0.9975586,3.9890747,0.06866455,3.9984741,-5,-85,-1,80,31,-56
7856,0.9975586,3.9890747,0.06866455,3.9984741,-5,-78,-1,79,31,-57
7873,0.9975586,3.9890747,0.06866455,3.9984741,-5,-77,-1,85,31,-53
7889,0.9975586,3.9890747,0.06866455,3.9984741,-5,-76,-1,85,31,-54
7889,0.9975586,3.9890747,0.06866455,3.9984741,-5,-76,-1,83,31,-57
7904,0.9975586,3.9890747,0.068603516,3.9984741,-5,-77,-1,84,31,-56
7921,0.9975586,3.9890747,0.06866455,3.9985352,-5,-80,-1,85,31,-52
7921,0.9975586,3.9890747,0.06866455,3.9984741,-5,-80,-1,85,31,-53
7936,0.9975586,3.9890747,0.06866455,3.9984741,-5,-80,-1,89,31,-51
7936,0.9975586,3.9890747,0.06866455,3.9984741,-5,-86,-1,90,31,-53
7953,0.9975586,3.9890747,0.06866455,3.9984741,-5,-86,-1,85,31,-52
7968,0.9975586,3.9890747,0.06866455,3.9984741,-5,-88,-1,84,31,-54
7968,0.9975586,3.9890747,0.06866455,3.9984741,-5,-89,-1,86,31,-54
7985,0.9975586,3.9890747,0.06866455,3.9984741,-5,-85,-1,86,31,-49
8001,0.9975586,3.9890747,0.06866455,3.9984741,-5,-82,-1,87,31,-44
8001,0.9975586,3.9890747,0.06866455,3.9984741,-5,-84,-1,88,31,-49
8016,0.9975586,3.9890747,0.06866455,3.9984741,-5,-82,-1,88,31,-48
8017,0.9975586,3.9890747,0.06866455,3.9984741,-5,-78,-1,85,31,-41
8032,0.9975586,3.9890747,0.06866455,3.9984741,-5,-77,-1,90,31,-45
8049,0.9975586,3.9890747,0.06866455,3.9984741,-5,-79,-1,87,31,-49
8049,0.9975586,3.9890747,0.06866455,3.9984741,-5,-80,-1,83,31,-48
8065,0.9975586,3.9890747,0.06866455,3.9984741,-5,-79,-1,81,31,-50
8080,0.9975586,3.9890747,0.06866455,3.9984741,-5,-78,-1,80,31,-50
8080,0.9975586,3.9890747,0.06866455,3.9984741,-5,-82,-1,79,31,-53
8097,0.9975586,3.9890747,0.06866455,3.9984741,-5,-82,-1,80,31,-54
8097,0.9975586,3.9890747,0.06866455,3.9984741,-5,-85,-1,84,31,-56
8113,0.9975586,3.9890747,0.06866455,3.9984741,-5,-85,-1,86,31,-54
8128,0.9975586,3.9890747,0.06866455,3.9984741,-5,-81,-1,81,31,-48
8128,0.9975586,3.9890747,0.06866455,3.9984741,-5,-78,-1,82,31,-51
8145,0.9975586,3.9890747,0.06866455,3.9984741,-5,-81,-1,86,31,-52
8161,0.9975586,3.9890747,0.06866455,3.9984741,-5,-81,-1,82,31,-52
8161,0.9975586,3.9890747,0.06866455,3.9984741,-5,-78,-1,80,31,-57
8176,0.9975586,3.9890747,0.06866455,3.9984741,-5,-79,-1,80,31,-60
8176,0.9975586,3.9890747,0.06866455,3.9984741,-5,-84,-1,79,31,-58
8192,0.9975586,3.9890747,0.06866455,3.9984741,-5,-81,-1,73,31,-58
8209,0.9975586,3.9890137,0.06866455,3.9984741,-5,-86,-1,72,31,-59
8209,0.9975586,3.9890137,0.06866455,3.9984741,-5,-88,-1,75,31,-57
8224,0.9975586,3.9890137,0.06866455,3.9984741,-5,-82,-1,81,31,-56
8240,0.9975586,3.9890747,0.06866455,3.9984741,-5,-78,-1,89,31,-49
8240,0.9975586,3.9890747,0.06866455,3.9984741,-5,-77,-1,89,31,-50
8257,0.9975586,3.9890747,0.06866455,3.9984741,-5,-81,-1,86,31,-51
8257,0.9975586,3.9890747,0.06866455,3.9984741,-5,-81,-1,87,31,-50
8272,0.9975586,3.9890747,0.06866455,3.9984741,-5,-80,-1,90,31,-50
8288,0.9975586,3.9890747,0.06866455,3.9984741,-5,-80,-1,89,31,-45
8288,0.9975586,3.9890747,0.06866455,3.9984741,-5,-79,-1,88,31,-51
8305,0.9975586,3.9890747,0.06866455,3.9984741,-5,-77,-1,86,31,-51
8320,0.9975586,3.9890747,0.06866455,3.9984741,-5,-79,-1,85,31,-52
8321,0.9975586,3.9890747,0.06866455,3.9984741,-5,-79,-1,86,31,-49
8336,0.9975586,3.9890747,0.06866455,3.9984741,-5,-78,-1,84,31,-48
8336,0.9975586,3.9890747,0.06866455,3.9984741,-5,-82,-1,89,31,-38
8352,0.9975586,3.9890747,0.06866455,3.9984741,-5,-82,-1,84,31,-44
8369,0.9975586,3.9890747,0.06866455,3.9984741,-5,-80,-1,83,31,-48
8369,0.9975586,3.9890747,0.06866455,3.9984741,-5,-76,-1,82,31,-48
8384,0.9975586,3.9890747,0.06866455,3.9984741,-5,-78,-1,80,31,-39
8401,0.9975586,3.9890747,0.06866455,3.9984741,-5,-81,-1,81,31,-42
8401,0.9975586,3.9890747,0.06866455,3.9984741,-5,-82,-1,86,31,-42
8417,0.9975586,3.9890747,0.06866455,3.9984741,-5,-79,-1,87,31,-42
8417,0.9975586,3.9890747,0.06866455,3.9984741,-5,-80,-1,82,31,-41
8432,0.9975586,3.9890747,0.06866455,3.9984741,-5,-82,-1,84,31,-46
8449,0.9975586,3.9890747,0.06866455,3.9984741,-5,-84,-1,81,31,-51
8449,0.9975586,3.9890747,0.06866455,3.9984741,-5,-86,-1,84,31,-51
8465,0.9975586,3.9890747,0.068725586,3.9984741,-5,-89,-1,83,31,-49
8480,0.9975586,3.9890747,0.068725586,3.998413,-5,-89,-1,85,31,-44
8480,0.9975586,3.9890747,0.068725586,3.998413,-5,-82,-1,85,31,-47
8497,0.9975586,3.9890747,0.068725586,3.998413,-5,-85,-1,85,31,-46
8497,0.9975586,3.9890747,0.068725586,3.998413,-5,-88,-1,90,31,-48
8513,0.9975586,3.9890747,0.068725586,3.998413,-5,-91,-1,88,31,-53
8528,0.9975586,3.9890747,0.068725586,3.998413,-5,-90,-1,92,31,-58
8528,0.9975586,3.9890747,0.068725586,3.998413,-5,-94,-1,90,31,-55
8544,0.9975586,3.9890747,0.068725586,3.998413,-5,-92,-1,93,31,-57
8561,0.9975586,3.9891357,0.068725586,3.998413,-5,-89,-1,94,31,-56
8561,0.9975586,3.9891357,0.068725586,3.998413,-5,-85,-1,92,31,-56
8577,0.9975586,3.9891357,0.068725586,3.998413,-5,-82,-1,91,31,-54
8577,0.9975586,3.9891357,0.068725586,3.998413,-5,-88,-1,93,31,-48
8593,0.9975586,3.9891357,0.068725586,3.998413,-5,-87,-1,91,31,-45
8608,0.9975586,3.9891357,0.06878662,3.998413,-5,-88,-1,88,31,-43
8608,0.9975586,3.9891357,0.06878662,3.998413,-5,-89,-1,87,31,-38
8625,0.9975586,3.9891357,0.068725586,3.998413,-5,-86,-1,86,31,-35
8640,0.9975586,3.9891357,0.06878662,3.998413,-5,-89,-1,86,31,-42
8641,0.9975586,3.9891357,0.068725586,3.998413,-5,-79,-1,87,31,-48
8656,0.9975586,3.9891357,0.068725586,3.998413,-5,-74,-1,82,31,-44
8656,0.9975586,3.9891357,0.068725586,3.998413,-5,-77,-1,83,31,-42
8673,0.9975586,3.9891357,0.068725586,3.998413,-5,-74,-1,82,31,-40
8688,0.9975586,3.9891357,0.068725586,3.998413,-5,-73,-1,83,31,-43
8689,0.9975586,3.9891357,0.068725586,3.998413,-5,-72,-1,83,31,-45
8704,0.9975586,3.9891357,0.068725586,3.998413,-5,-76,-1,86,31,-46
8721,0.9975586,3.9891357,0.068725586,3.998413,-5,-76,-1,79,31,-42
8721,0.9975586,3.9891357,0.068725586,3.998413,-5,-80,-1,74,31,-48
8737,0.9975586,3.9890747,0.068725586,3.998413,-5,-78,-1,74,31,-52
8737,0.9975586,3.9890747,0.068725586,3.998413,-5,-76,-1,72,31,-55
8752,0.9975586,3.9890747,0.068725586,3.998413,-5,-81,-1,73,31,-53
8769,0.9975586,3.9890747,0.068725586,3.998413,-5,-82,-1,74,31,-52
8769,0.9975586,3.9890747,0.068725586,3.998413,-5,-83,-1,78,31,-52
8785,0.9975586,3.9890747,0.068725586,3.998413,-5,-86,-1,79,31,-45
8800,0.9975586,3.9890747,0.068725586,3.998413,-5,-90,-1,83,31,-44
8800,0.9975586,3.9890747,0.068725586,3.998413,-5,-90,-1,88,31,-52
8816,0.9975586,3.9890747,0.06878662,3.998413,-5,-91,-1,91,31,-51
8816,0.9975586,3.9890747,0.06878662,3.998413,-5,-90,-1,90,31,-49
8833,0.9975586,3.9890747,0.06878662,3.998413,-5,-89,-1,94,31,-45
8848,0.9975586,3.9891357,0.06878662,3.998413,-5,-87,-1,90,31,-45
8848,0.9975586,3.9891357,0.068725586,3.998413,-5,-81,-1,90,31,-42
8864,0.9975586,3.9891357,0.068725586,3.998413,-5,-80,-1,88,31,-46
8881,0.9975586,3.9891357,0.068725586,3.998413,-5,-79,-1,79,31,-46
8881,0.9975586,3.9890747,0.068725586,3.998413,-5,-76,-1,76,31,-50
8896,0.9975586,3.9890747,0.068725586,3.998413,-5,-78,-1,82,31,-48
8897,0.9975586,3.9890747,0.068725586,3.998413,-5,-77,-1,82,31,-51
8912,0.9975586,3.9890747,0.068725586,3.998413,-5,-82,-1,83,31,-51
8929,0.9975586,3.9890747,0.068725586,3.998413,-5,-85,-1,86,31,-49
8929,0.9975586,3.9890747,0.068725586,3.998413,-5,-81,-1,85,31,-54
8945,0.9975586,3.9890747,0.068725586,3.998413,-5,-82,-1,88,31,-46
8960,0.9975586,3.9890747,0.068725586,3.998413,-5,-83,-1,88,31,-48
8960,0.9975586,3.9890747,0.068725586,3.998413,-5,-81,-1,84,31,-48
8976,0.9975586,3.9890747,0.068725586,3.998413,-5,-85,-1,83,31,-45
8976,0.9975586,3.9890747,0.068725586,3.998413,-5,-86,-1,83,31,-44
8993,0.9975586,3.9890747,0.068725586,3.998413,-5,-84,-1,84,31,-45
9008,0.9975586,3.9890747,0.068725586,3.998413,-5,-81,-1,83,31,-46
9008,0.9975586,3.9890747,0.068725586,3.998413,-5,-78,-1,85,31,-49
9024,0.9975586,3.9890747,0.068725586,3.998413,-5,-76,-1,82,31,-49
9041,0.9975586,3.9890747,0.068725586,3.998413,-5,-80,-1,80,31,-53
9041,0.9975586,3.9890747,0.068725586,3.998413,-5,-80,-1,78,31,-50
9056,0.9975586,3.9890747,0.068725586,3.998413,-5,-82,-1,80,31,-49
9057,0.9975586,3.9890747,0.068725586,3.998413,-5,-83,-1,80,31,-59
9072,0.9975586,3.9890747,0.068725586,3.998352,-5,-80,-1,81,31,-63
9089,0.9975586,3.9890747,0.068725586,3.998352,-5,-77,-1,84,31,-56
9089,0.9975586,3.9890747,0.068725586,3.998352,-5,-76,-1,87,31,-61
9104,0.9975586,3.9891357,0.068725586,3.998352,-5,-75,-1,94,31,-59
9120,0.9975586,3.9891357,0.068725586,3.998352,-5,-74,-1,91,31,-60
9120,0.9975586,3.9891357,0.068725586,3.998413,-5,-75,-1,92,31,-57
9137,0.9975586,3.9891357,0.068725586,3.998413,-5,-73,-1,90,31,-56
9137,0.9975586,3.9891357,0.068725586,3.998413,-5,-74,-1,87,31,-51
9153,0.9975586,3.9891357,0.068725586,3.998352,-5,-76,-1,83,31,-42
9168,0.9975586,3.9891357,0.068725586,3.998413,-5,-82,-1,91,31,-41
9168,0.9975586,3.9891357,0.068725586,3.998413,-5,-84,-1,95,31,-45
9184,0.9975586,3.9891357,0.068725586,3.998413,-5,-83,-1,97,31,-41
9201,0.9975586,3.9891357,0.068725586,3.998352,-5,-82,-1,97,31,-45
9201,0.9975586,3.9891357,0.068725586,3.998352,-5,-81,-1,93,31,-41
9217,0.9975586,3.9891357,0.068725586,3.998413,-5,-82,-1,93,31,-40
9232,0.9975586,3.9891357,0.068725586,3.998413,-5,-84,-1,93,31,-47
9232,0.9975586,3.9891968,0.068725586,3.998352,-5,-83,-1,92,31,-52
9249,0.9975586,3.9891968,0.068725586,3.998352,-5,-80,-1,93,31,-51
9249,0.9975586,3.9891968,0.068725586,3.998352,-5,-74,-1,88,31,-52
9265,0.9975586,3.9891968,0.068725586,3.998413,-5,-77,-1,85,31,-51
9280,0.9975586,3.9891968,0.068725586,3.998413,-5,-83,-1,88,31,-51
9280,0.9975586,3.9891968,0.068725586,3.998413,-5,-83,-1,83,31,-55
9297,0.9975586,3.9891357,0.068725586,3.998413,-5,-82,-1,81,31,-50
9313,0.9975586,3.9891357,0.068725586,3.998413,-5,-82,-1,80,31,-50
9313,0.9975586,3.9891357,0.068725586,3.998413,-5,-87,-1,79,31,-59
9328,0.9975586,3.9891357,0.068725586,3.998413,-5,-88,-1,69,31,-58
9329,0.9975586,3.9891357,0.068725586,3.998413,-5,-89,-1,73,31,-57
9344,0.9975586,3.9891357,0.068725586,3.998413,-5,-89,-1,81,31,-61
9361,0.9975586,3.9891357,0.068725586,3.998413,-5,-87,-1,81,31,-58
9361,0.9975586,3.9891357,0.068725586,3.998413,-5,-85,-1,81,31,-53
9376,0.9975586,3.9891357,0.068725586,3.998413,-5,-87,-1,86,31,-50
9392,0.9975586,3.9891357,0.06878662,3.998413,-5,-86,-1,91,31,-51
9392,0.9975586,3.9891357,0.06878662,3.998352,-5,-84,-1,95,31,-60
9409,0.9975586,3.9891357,0.06878662,3.998352,-5,-86,-1,95,31,-58
9409,0.9975586,3.9891357,0.06878662,3.998352,-5,-86,-1,93,31,-58
9425,0.9975586,3.9891968,0.06878662,3.998352,-5,-83,-1,91,31,-57
9440,0.9975586,3.9891357,0.06878662,3.998352,-5,-81,-1,88,31,-51
9441,0.9975586,3.9891357,0.06878662,3.998352,-5,-80,-1,92,31,-53
9456,0.9975586,3.9891968,0.06878662,3.998352,-5,-78,-1,91,31,-54
9472,0.9975586,3.9891968,0.068725586,3.998352,-5,-80,-1,87,31,-52
9472,0.9975586,3.9891357,0.068725586,3.998352,-5,-78,-1,86,31,-50
9489,0.9975586,3.9891357,0.068725586,3.998352,-5,-75,-1,87,31,-50
9489,0.9975586,3.9891968,0.068725586,3.998352,-5,-76,-1,86,31,-42
9504,0.9975586,3.9891968,0.068725586,3.998352,-5,-78,-1,88,31,-41
9520,0.9975586,3.9891968,0.068725586,3.998352,-5,-83,-1,88,31,-42
9520,0.9975586,3.9891357,0.068725586,3.998352,-5,-84,-1,81,31,-47
9536,0.9975586,3.9891357,0.068725586,3.998352,-5,-80,-1,81,31,-51
9553,0.9975586,3.9891357,0.068725586,3.998352,-5,-81,-1,87,31,-51
9553,0.9975586,3.9891357,0.068725586,3.998352,-5,-81,-1,89,31,-51
9568,0.9975586,3.9891357,0.068725586,3.998352,-5,-80,-1,93,31,-48
9569,0.9975586,3.9891968,0.068725586,3.998352,-5,-84,-1,90,31,-52
9584,0.9975586,3.9891968,0.068725586,3.998352,-5,-86,-1,93,31,-55
9601,0.9975586,3.9891968,0.06878662,3.998352,-5,-89,-1,96,31,-59
9601,0.9975586,3.9891968,0.06878662,3.998352,-5,-86,-1,100,31,-64
9617,0.9975586,3.9891968,0.06878662,3.998352,-5,-88,-1,100,31,-56
9632,0.9975586,3.9891968,0.06878662,3.998352,-5,-89,-1,97,31,-54
9632,0.9975586,3.9891968,0.06878662,3.998352,-5,-89,-1,94,31,-49
9648,0.9975586,3.9891968,0.06878662,3.998352,-5,-86,-1,87,31,-51
9648,0.9975586,3.9891968,0.06878662,3.998352,-5,-84,-1,88,31,-50
9664,0.9975586,3.9891968,0.06878662,3.998352,-5,-83,-1,84,31,-47
9681,0.9975586,3.9891968,0.06878662,3.998352,-5,-79,-1,82,31,-51
9681,0.9975586,3.9891968,0.06878662,3.998352,-5,-78,-1,85,31,-53
9696,0.9975586,3.9891968,0.06878662,3.998352,-5,-81,-1,86,31,-50
9712,0.9975586,3.9891968,0.06878662,3.998352,-5,-84,-1,88,31,-49
9712,0.9975586,3.9891968,0.06878662,3.998352,-5,-81,-1,85,31,-49
9729,0.9975586,3.9891968,0.06878662,3.998352,-5,-83,-1,90,31,-49
9729,0.9975586,3.9891968,0.06878662,3.998352,-5,-80,-1,92,31,-53
9744,0.9975586,3.9891968,0.06878662,3.998352,-5,-82,-1,91,31,-53
9761,0.9975586,3.9891968,0.06878662,3.998352,-5,-83,-1,88,31,-49
9761,0.9975586,3.9891968,0.06878662,3.998352,-5,-81,-1,85,31,-43
9777,0.9975586,3.9891968,0.06878662,3.998352,-5,-82,-1,82,31,-41
9792,0.9975586,3.9891968,0.06878662,3.998352,-5,-79,-1,82,31,-49
9792,0.9975586,3.9891357,0.06878662,3.998352,-5,-84,-1,82,31,-51
9808,0.9975586,3.9891968,0.06878662,3.998352,-5,-87,-1,84,31,-53
9808,0.9975586,3.9891968,0.06878662,3.998352,-5,-85,-1,86,31,-53
9825,0.9975586,3.9891968,0.06878662,3.998352,-5,-84,-1,88,31,-56
9841,0.9975586,3.9891968,0.06878662,3.998352,-5,-87,-1,85,31,-54
9841,0.9975586,3.9891968,0.06878662,3.998352,-5,-85,-1,84,31,-55
9856,0.9975586,3.9891968,0.06878662,3.998352,-5,-83,-1,86,31,-53
9873,0.9975586,3.9891968,0.06878662,3.998352,-5,-85,-1,87,31,-49
9873,0.9975586,3.9891968,0.06878662,3.998352,-5,-86,-1,86,31,-50
9889,0.9975586,3.9891968,0.06878662,3.998352,-5,-87,-1,85,31,-45
9889,0.9975586,3.9891968,0.06878662,3.998352,-5,-91,-1,90,31,-50
9904,0.9975586,3.9891968,0.06878662,3.998352,-5,-89,-1,90,31,-48
9920,0.9975586,3.9891968,0.06878662,3.998352,-5,-88,-1,93,31,-48
9920,0.9975586,3.9891968,0.06878662,3.998352,-5,-90,-1,85,31,-50
9937,0.9975586,3.9891968,0.06878662,3.998352,-5,-88,-1,84,31,-49
9952,0.9975586,3.9891968,0.06878662,3.998352,-5,-83,-1,82,31,-49
9953,0.9975586,3.9891968,0.06878662,3.998352,-5,-78,-1,86,31,-48
9968,0.9975586,3.9891968,0.06878662,3.998352,-5,-84,-1,91,31,-51
9968,0.9975586,3.9891968,0.06878662,3.998291,-5,-81,-1,91,31,-57
9984,0.9975586,3.9891968,0.06878662,3.998291,-5,-80,-1,88,31,-53
10001,0.9975586,3.9891968,0.06878662,3.998291,-5,-77,-1,83,31,-53
10001,0.9975586,3.9891968,0.06878662,3.998291,-5,-83,-1,85,31,-53
10016,0.9975586,3.9891357,0.06878662,3.998291,-5,-85,-1,82,31,-49
10032,0.9975586,3.9891357,0.06878662,3.998291,-5,-86,-1,80,31,-42
10032,0.9975586,3.9891357,0.06878662,3.998291,-5,-87,-1,77,31,-40
10049,0.9975586,3.9891357,0.06878662,3.998291,-5,-87,-1,82,31,-43
10049,0.9975586,3.9891357,0.06878662,3.998291,-5,-85,-1,81,31,-47
10064,0.9975586,3.9891357,0.06878662,3.998291,-5,-86,-1,84,31,-51
10080,0.9975586,3.9891357,0.068847656,3.998291,-5,-88,-1,85,31,-55
10080,0.9975586,3.9891357,0.06878662,3.998291,-5,-87,-1,82,31,-52
10097,0.9975586,3.9891357,0.06878662,3.998291,-5,-83,-1,82,31,-64
10112,0.9975586,3.9891357,0.06878662,3.998291,-5,-82,-1,87,31,-61
10113,0.9975586,3.9891357,0.06878662,3.998291,-5,-81,-1,90,31,-61
10128,0.9975586,3.9891357,0.06878662,3.998291,-5,-80,-1,92,31,-59
10128,0.9975586,3.9891357,0.06878662,3.998291,-5,-80,-1,89,31,-55
10144,0.9975586,3.9891357,0.06878662,3.998291,-5,-82,-1,85,31,-55
10161,0.9975586,3.9891357,0.06878662,3.998291,-5,-85,-1,82,31,-52
10161,0.9975586,3.9891357,0.06878662,3.998291,-5,-87,-1,83,31,-53
10176,0.9975586,3.9891357,0.06878662,3.998291,-5,-92,-1,80,31,-50
10192,0.9975586,3.9891357,0.068847656,3.998291,-5,-93,-1,83,31,-46
10192,0.9975586,3.9891357,0.068847656,3.998291,-5,-90,-1,86,31,-46
10209,0.9975586,3.9891357,0.068847656,3.998291,-5,-86,-1,87,31,-42
10209,0.9975586,3.9891357,0.06878662,3.998291,-5,-89,-1,88,31,-49
10224,0.9975586,3.9891357,0.068847656,3.998291,-5,-89,-1,87,31,-48
10240,0.9975586,3.9891357,0.068847656,3.998291,-5,-91,-1,89,31,-48
10240,0.9975586,3.9891357,0.068847656,3.998291,-5,-86,-1,91,31,-54
10256,0.9975586,3.9891357,0.068847656,3.998291,-5,-86,-1,90,31,-53
10272,0.9975586,3.9891357,0.068847656,3.998291,-5,-84,-1,87,31,-47
10273,0.9975586,3.9891357,0.068847656,3.998291,-5,-85,-1,81,31,-42
10288,0.9975586,3.9891357,0.068847656,3.998291,-5,-88,-1,80,31,-49
10304,0.9975586,3.9891357,0.068847656,3.998291,-5,-91,-1,79,31,-50
10321,0.9975586,3.9891357,0.068847656,3.998291,-5,-89,-1,74,31,-50
10321,0.9975586,3.9891357,0.068847656,3.998291,-5,-90,-1,73,31,-47
10336,0.9975586,3.9891357,0.068847656,3.998291,-5,-88,-1,75,31,-51
10352,0.9975586,3.9891357,0.068847656,3.998291,-5,-87,-1,73,31,-52
10352,0.9975586,3.9890747,0.068847656,3.998291,-5,-83,-1,75,31,-48
10369,0.9975586,3.9891357,0.068847656,3.998291,-5,-81,-1,80,31,-51
10369,0.9975586,3.9891357,0.068847656,3.998291,-5,-82,-1,84,31,-52
10385,0.9975586,3.9891357,0.068847656,3.998291,-5,-81,-1,84,31,-58
10400,0.9975586,3.9890747,0.068847656,3.998291,-5,-81,-1,84,31,-54
10400,0.9975586,3.9891357,0.068847656,3.998291,-5,-79,-1,87,31,-52
10416,0.9975586,3.9891357,0.068847656,3.998291,-5,-77,-1,88,31,-52
10433,0.9975586,3.9891357,0.06878662,3.998291,-5,-79,-1,88,31,-54
10433,0.9975586,3.9891357,0.068847656,3.998291,-5,-82,-1,88,31,-49
10449,0.9975586,3.9891357,0.068847656,3.998291,-5,-78,-1,92,31,-48
10464,0.9975586,3.9891357,0.06878662,3.998291,-5,-76,-1,94,31,-54
10464,0.9975586,3.9891357,0.06878662,3.998291,-5,-72,-1,88,31,-59
10480,0.9975586,3.9891357,0.06878662,3.998291,-5,-74,-1,85,31,-58
10480,0.9975586,3.9891357,0.06878662,3.998291,-5,-79,-1,81,31,-60
10497,0.9975586,3.9891357,0.06878662,3.998291,-5,-81,-1,79,31,-56
10512,0.9975586,3.9891357,0.06878662,3.998291,-5,-85,-1,77,31,-48
10512,0.9975586,3.9891357,0.068847656,3.998291,-5,-87,-1,79,31,-48
10528,0.9975586,3.9891357,0.068847656,3.998291,-5,-87,-1,81,31,-40
10545,0.9975586,3.9890747,0.06878662,3.998291,-5,-86,-1,82,31,-35
10545,0.9975586,3.9891357,0.06878662,3.998291,-5,-82,-1,89,31,-41
10560,0.9975586,3.9891357,0.06878662,3.99823,-5,-74,-1,88,31,-44
10560,0.9975586,3.9891357,0.06878662,3.99823,-5,-77,-1,86,31,-52
10576,0.9975586,3.9891357,0.06878662,3.99823,-5,-76,-1,88,31,-54
10593,0.9975586,3.9891357,0.06878662,3.99823,-5,-77,-1,90,31,-49
10593,0.9975586,3.9891357,0.06878662,3.99823,-5,-79,-1,88,31,-45
10608,0.9975586,3.9891357,0.06878662,3.99823,-5,-76,-1,90,31,-49
10624,0.9975586,3.9891357,0.06878662,3.99823,-5,-78,-1,89,31,-49
10624,0.9975586,3.9891357,0.06878662,3.99823,-5,-90,-1,89,31,-45
10640,0.9975586,3.9891357,0.06878662,3.99823,-5,-95,-1,92,31,-41
10640,0.9975586,3.9891357,0.068847656,3.99823,-5,-94,-1,86,31,-41
10657,0.9975586,3.9891357,0.068847656,3.99823,-5,-90,-1,82,31,-45
10672,0.9975586,3.9891357,0.068847656,3.99823,-5,-93,-1,84,31,-51
10672,0.9975586,3.9890747,0.068847656,3.99823,-5,-91,-1,81,31,-50
10688,0.9975586,3.9890747,0.068847656,3.99823,-5,-90,-1,78,31,-53
10705,0.9975586,3.9890747,0.068847656,3.99823,-5,-87,-1,82,31,-55
10705,0.9975586,3.9890747,0.068847656,3.99823,-5,-83,-1,86,31,-58
10721,0.9975586,3.9890747,0.06878662,3.99823,-5,-82,-1,85,31,-56
10721,0.9975586,3.9890747,0.06878662,3.99823,-5,-83,-1,87,31,-55
10736,0.9975586,3.9890747,0.06878662,3.99823,-5,-84,-1,88,31,-55
10752,0.9975586,3.9890747,0.06878662,3.99823,-5,-85,-1,85,31,-56
10752,0.9975586,3.9890747,0.06878662,3.99823,-5,-85,-1,89,31,-60
10768,0.9975586,3.9890747,0.06878662,3.99823,-5,-88,-1,91,31,-59
10784,0.9975586,3.9890747,0.06878662,3.99823,-5,-90,-1,92,31,-61
10785,0.9975586,3.9890747,0.06878662,3.99823,-5,-86,-1,85,31,-58
10800,0.9975586,3.9890747,0.06878662,3.99823,-5,-86,-1,81,31,-54
10800,0.9975586,3.9890747,0.06878662,3.99823,-5,-84,-1,84,31,-48
10816,0.9975586,3.9890747,0.06878662,3.99823,-5,-84,-1,84,31,-43
10832,0.9975586,3.9890747,0.06878662,3.99823,-5,-83,-1,82,31,-42
10833,0.9975586,3.9890747,0.06878662,3.99823,-5,-82,-1,77,31,-41
10848,0.9975586,3.9890747,0.06878662,3.99823,-5,-81,-1,84,31,-38
10864,0.9975586,3.9890747,0.06878662,3.99823,-5,-87,-1,80,31,-40
10864,0.9975586,3.9890747,0.06878662,3.99823,-5,-93,-1,80,31,-54
10881,0.9975586,3.9890747,0.068847656,3.99823,-5,-93,-1,80,31,-62
10881,0.9975586,3.9890747,0.068847656,3.99823,-5,-90,-1,80,31,-58
10896,0.9975586,3.9890747,0.068847656,3.99823,-5,-88,-1,83,31,-62
10912,0.9975586,3.9890747,0.068847656,3.99823,-5,-89,-1,86,31,-63
10912,0.9975586,3.9890747,0.068847656,3.99823,-5,-84,-1,86,31,-59
10929,0.9975586,3.9890747,0.068847656,3.99823,-5,-82,-1,84,31,-60
10944,0.9975586,3.9890747,0.068847656,3.99823,-5,-82,-1,84,31,-64
10944,0.9975586,3.9890747,0.068847656,3.99823,-5,-84,-1,79,31,-62
10961,0.9975586,3.9890747,0.068847656,3.99823,-5,-90,-1,81,31,-61
10961,0.9975586,3.9890747,0.068847656,3.99823,-5,-87,-1,86,31,-51
10977,0.9975586,3.9890747,0.068847656,3.99823,-5,-86,-1,86,31,-53
10992,0.9975586,3.9890747,0.068847656,3.99823,-5,-88,-1,85,31,-57
10992,0.9975586,3.9890747,0.068847656,3.99823,-5,-91,-1,85,31,-54
11008,0.9975586,3.9890747,0.068847656,3.99823,-5,-89,-1,86,31,-54
11024,0.9975586,3.9890747,0.068847656,3.99823,-5,-89,-1,86,31,-49
11024,0.9975586,3.9890747,0.068847656,3.99823,-5,-87,-1,87,31,-51
11041,0.9975586,3.9890747,0.068847656,3.99823,-5,-82,-1,89,31,-50
11041,0.9975586,3.9890747,0.068847656,3.99823,-5,-82,-1,88,31,-53
11056,0.9975586,3.9890747,0.068847656,3.99823,-5,-83,-1,85,31,-53
11072,0.9975586,3.9890747,0.068847656,3.99823,-5,-83,-1,82,31,-50
11072,0.9975586,3.9890747,0.068847656,3.99823,-5,-82,-1,83,31,-54
11089,0.9975586,3.9890747,0.068847656,3.99823,-5,-86,-1,88,31,-56
11104,0.9975586,3.9890747,0.068847656,3.99823,-5,-88,-1,86,31,-58
11104,0.9975586,3.9890747,0.068847656,3.99823,-5,-89,-1,85,31,-54
11120,0.9975586,3.9890747,0.068847656,3.99823,-5,-87,-1,84,31,-58
11120,0.9975586,3.9890747,0.068847656,3.99823,-5,-87,-1,86,31,-58
11137,0.9975586,3.9890747,0.068847656,3.99823,-5,-89,-1,89,31,-59
11152,0.9975586,3.9890747,0.06890869,3.99823,-5,-87,-1,91,31,-53
11152,0.9975586,3.9890747,0.068847656,3.99823,-5,-85,-1,93,31,-52
11168,0.9975586,3.9891357,0.068847656,3.99823,-5,-88,-1,93,31,-52
11185,0.9975586,3.9890747,0.068847656,3.99823,-5,-93,-1,92,31,-51
11185,0.9975586,3.9891357,0.06890869,3.99823,-5,-92,-1,94,31,-60
11201,0.9975586,3.9891357,0.06890869,3.99823,-5,-91,-1,95,31,-59
11201,0.9975586,3.9891357,0.06890869,3.99823,-5,-93,-1,93,31,-60
11216,0.9975586,3.9891357,0.06890869,3.99823,-5,-91,-1,93,31,-55
11232,0.9975586,3.9891357,0.06890869,3.99823,-5,-88,-1,88,31,-50
11232,0.9975586,3.9891357,0.06890869,3.99823,-5,-87,-1,85,31,-54
11249,0.9975586,3.9891357,0.06890869,3.99823,-5,-89,-1,85,31,-49
11264,0.9975586,3.9891357,0.06890869,3.99823,-5,-86,-1,88,31,-54
11264,0.9975586,3.9891357,0.06890869,3.99823,-5,-84,-1,89,31,-52
11280,0.9975586,3.9891357,0.06890869,3.99823,-5,-81,-1,84,31,-52
11280,0.9975586,3.9891357,0.06890869,3.99823,-5,-78,-1,82,31,-51
11296,0.9975586,3.9890747,0.068847656,3.99823,-5,-82,-1,79,31,-56
11312,0.9975586,3.9890747,0.06890869,3.99823,-5,-84,-1,80,31,-59
11313,0.9975586,3.9890747,0.06890869,3.99823,-5,-89,-1,81,31,-59
11328,0.9975586,3.9890747,0.06890869,3.99823,-5,-92,-1,82,31,-54
11344,0.9975586,3.9890747,0.06890869,3.99823,-5,-85,-1,84,31,-55
11344,0.9975586,3.9890747,0.06890869,3.99823,-5,-82,-1,85,31,-56
11361,0.9975586,3.9890747,0.06890869,3.99823,-5,-86,-1,80,31,-59
11361,0.9975586,3.9890747,0.06890869,3.998169,-5,-83,-1,79,31,-51
11376,0.9975586,3.9890747,0.06890869,3.998169,-5,-83,-1,81,31,-52
11392,0.9975586,3.9890747,0.06890869,3.998169,-5,-84,-1,83,31,-52
11392,0.9975586,3.9890747,0.06890869,3.998169,-5,-84,-1,81,31,-54
11408,0.9975586,3.9890747,0.06890869,3.998169,-5,-83,-1,82,31,-57
11424,0.9975586,3.9890747,0.06890869,3.998169,-5,-84,-1,84,31,-50
11424,0.9975586,3.9890747,0.06890869,3.998169,-5,-82,-1,87,31,-50
11440,0.9975586,3.9890747,0.06890869,3.998169,-5,-81,-1,86,31,-56
11440,0.9975586,3.9890747,0.06890869,3.998169,-5,-81,-1,85,31,-54
11456,0.9975586,3.9890747,0.06890869,3.998169,-5,-85,-1,86,31,-56
11473,0.9975586,3.9890747,0.06890869,3.998169,-5,-90,-1,84,31,-58
11473,0.9975586,3.9891357,0.06890869,3.998169,-5,-91,-1,89,31,-60
11489,0.9975586,3.9891357,0.06890869,3.998169,-5,-88,-1,89,31,-58
11504,0.9975586,3.9891357,0.06890869,3.998169,-5,-85,-1,88,31,-60
11504,0.9975586,3.9891357,0.06890869,3.998169,-5,-85,-1,84,31,-59
11520,0.9975586,3.9891357,0.06890869,3.998169,-5,-87,-1,85,31,-57
11520,0.9975586,3.9891357,0.06890869,3.998169,-5,-83,-1,85,31,-56
11537,0.9975586,3.9891357,0.06890869,3.998169,-5,-85,-1,85,31,-57
11552,0.9975586,3.9891357,0.06890869,3.998169,-5,-79,-1,86,31,-56
11552,0.9975586,3.9891357,0.06890869,3.998169,-5,-80,-1,86,31,-56
11568,0.9975586,3.9891357,0.06890869,3.998169,-5,-82,-1,83,31,-53
11584,0.9975586,3.9891357,0.06890869,3.998169,-5,-82,-1,87,31,-48
11584,0.9975586,3.9891357,0.06890869,3.998169,-5,-85,-1,86,31,-45
11601,0.9975586,3.9891357,0.06890869,3.998169,-5,-90,-1,83,31,-46
11601,0.9975586,3.9891357,0.06890869,3.998169,-5,-87,-1,88,31,-48
11616,0.9975586,3.9891357,0.06890869,3.998169,-5,-85,-1,95,31,-47
11632,0.9975586,3.9891357,0.06890869,3.998169,-5,-84,-1,94,31,-43
11632,0.9975586,3.9891357,0.06890869,3.998169,-5,-82,-1,94,31,-38
11649,0.9975586,3.9891357,0.06890869,3.998169,-5,-81,-1,92,31,-38
11664,0.9975586,3.9891357,0.06890869,3.998108,-5,-82,-1,88,31,-43
11665,0.9975586,3.9891357,0.06890869,3.998108,-5,-80,-1,88,31,-45
11680,0.9975586,3.9891357,0.06890869,3.998108,-5,-79,-1,88,31,-44
11680,0.9975586,3.9891357,0.06890869,3.998108,-5,-80,-1,90,31,-49
11696,0.9975586,3.9891968,0.068847656,3.998108,-5,-79,-1,92,31,-51
11713,0.9975586,3.9891357,0.06890869,3.998108,-5,-81,-1,87,31,-56
11713,0.9975586,3.9891357,0.06890869,3.998108,-5,-83,-1,85,31,-62
11728,0.9975586,3.9891357,0.06890869,3.998108,-5,-85,-1,87,31,-64
11744,0.9975586,3.9891357,0.068847656,3.998108,-5,-87,-1,87,31,-60
11744,0.9975586,3.9891357,0.06890869,3.998108,-5,-85,-1,86,31,-53
11760,0.9975586,3.9891357,0.06890869,3.998108,-5,-88,-1,88,31,-52
11776,0.9975586,3.9891357,0.06890869,3.998108,-5,-94,-1,88,31,-52
11776,0.9975586,3.9891357,0.06890869,3.998108,-5,-94,-1,89,31,-49
11792,0.9975586,3.9891357,0.06890869,3.998108,-5,-89,-1,85,31,-51
11792,0.9975586,3.9891357,0.06890869,3.998108,-5,-88,-1,85,31,-54
11808,0.9975586,3.9891357,0.06890869,3.998108,-5,-86,-1,82,31,-53
11825,0.9975586,3.9891357,0.06890869,3.998108,-5,-83,-1,79,31,-51
11825,0.9975586,3.9891357,0.06890869,3.998108,-5,-84,-1,73,31,-52
11840,0.9975586,3.9891357,0.06890869,3.998108,-5,-85,-1,73,31,-50
11856,0.9975586,3.9891357,0.06890869,3.998108,-5,-84,-1,71,31,-47
11856,0.9975586,3.9891357,0.06890869,3.998108,-5,-88,-1,79,31,-53
11872,0.9975586,3.9891357,0.06890869,3.998108,-5,-90,-1,83,31,-51
11872,0.9975586,3.9891357,0.06890869,3.998108,-5,-87,-1,83,31,-52
11889,0.9975586,3.9891357,0.06890869,3.998108,-5,-85,-1,80,31,-59
11904,0.9975586,3.9891357,0.06890869,3.998108,-5,-82,-1,82,31,-55
11904,0.9975586,3.9891357,0.06890869,3.998108,-5,-84,-1,83,31,-55
11920,0.9975586,3.9891357,0.06890869,3.998108,-5,-85,-1,84,31,-51
11936,0.9975586,3.9891357,0.06890869,3.998108,-5,-87,-1,85,31,-56
11936,0.9975586,3.9890747,0.06890869,3.998108,-5,-89,-1,83,31,-56
11953,0.99749756,3.9890747,0.06890869,3.998108,-5,-94,-1,77,31,-54
11953,0.99749756,3.9890747,0.06890869,3.998108,-5,-96,-1,79,31,-51
11968,0.99749756,3.9890747,0.06890869,3.998108,-5,-90,-1,82,31,-51
11985,0.99749756,3.9890747,0.06890869,3.9980469,-5,-89,-1,87,31,-57
11985,0.99749756,3.9890747,0.06890869,3.9980469,-5,-87,-1,84,31,-52
12000,0.99749756,3.9890747,0.06890869,3.9980469,-5,-88,-1,78,31,-50
12016,0.99749756,3.9890747,0.06890869,3.9980469,-5,-87,-1,80,31,-61
12016,0.99749756,3.9890747,0.06890869,3.9980469,-5,-86,-1,76,31,-59
12032,0.99749756,3.9890747,0.06896973,3.9980469,-5,-83,-1,79,31,-57
12032,0.99749756,3.9890747,0.06896973,3.9980469,-5,-85,-1,85,31,-57
12048,0.99749756,3.9890747,0.06896973,3.9980469,-5,-82,-1,84,31,-60
12064,0.99749756,3.9890747,0.06896973,3.9980469,-5,-84,-1,89,31,-53
12064,0.99749756,3.9891357,0.06896973,3.9980469,-5,-87,-1,88,31,-47
12080,0.99749756,3.9891357,0.06896973,3.9980469,-5,-84,-1,89,31,-47
12097,0.99749756,3.9891357,0.06896973,3.9980469,-5,-88,-1,89,31,-44
12097,0.99749756,3.9891357,0.06896973,3.9980469,-5,-90,-1,85,31,-47
12112,0.99749756,3.9891357,0.06896973,3.9980469,-5,-91,-1,87,31,-42
12112,0.99749756,3.9891357,0.06896973,3.9980469,-5,-89,-1,84,31,-41
12128,0.99749756,3.9891357,0.06896973,3.9980469,-5,-87,-1,82,31,-48
12143,0.99749756,3.9890747,0.06896973,3.9980469,-5,-83,-1,80,31,-47
12144,0.99749756,3.9890747,0.06896973,3.9980469,-5,-86,-1,83,31,-48
12160,0.99749756,3.9891357,0.06896973,3.9980469,-5,-88,-1,84,31,-52
12176,0.99749756,3.9891357,0.06896973,3.9980469,-5,-84,-1,84,31,-51
12176,0.99749756,3.9891357,0.06896973,3.9980469,-5,-81,-1,84,31,-51
12192,0.99749756,3.9891357,0.06896973,3.9980469,-5,-82,-1,82,31,-52
12192,0.99749756,3.9891357,0.06896973,3.9980469,-5,-89,-1,80,31,-55
12209,0.99749756,3.9891357,0.06896973,3.9980469,-5,-94,-1,83,31,-55
12224,0.99749756,3.9890747,0.06896973,3.9980469,-5,-97,-1,85,31,-50
12224,0.99749756,3.9891357,0.06896973,3.9980469,-5,-93,-1,85,31,-48
12240,0.99749756,3.9890747,0.06896973,3.9980469,-5,-91,-1,84,31,-52
12256,0.99749756,3.9890747,0.06896973,3.9980469,-5,-89,-1,84,31,-47
12256,0.99749756,3.9890747,0.06896973,3.9980469,-5,-92,-1,81,31,-55
12272,0.99749756,3.9890747,0.06896973,3.9980469,-5,-86,-1,85,31,-52
12273,0.99749756,3.9891357,0.06896973,3.9980469,-5,-83,-1,84,31,-47
12288,0.99749756,3.9890747,0.06896973,3.9980469,-5,-83,-1,83,31,-51
12305,0.99749756,3.9891357,0.06896973,3.9980469,-5,-87,-1,84,31,-56
12305,0.99749756,3.9891357,0.06896973,3.9980469,-5,-87,-1,88,31,-56
12320,0.99749756,3.9891357,0.06896973,3.9980469,-5,-89,-1,89,31,-54
12336,0.99749756,3.9891357,0.06896973,3.9980469,-5,-87,-1,93,31,-52
12336,0.99749756,3.9891357,0.06896973,3.9980469,-5,-87,-1,94,31,-50
12352,0.99749756,3.9891357,0.06896973,3.9980469,-5,-85,-1,93,31,-47
12352,0.99749756,3.9891357,0.06896973,3.9980469,-5,-86,-1,94,31,-47
12369,0.99749756,3.9891357,0.06896973,3.9980469,-5,-83,-1,91,31,-51
12384,0.99749756,3.9891357,0.06896973,3.9980469,-5,-84,-1,91,31,-53
12384,0.99749756,3.9891357,0.06896973,3.9980469,-5,-86,-1,88,31,-51
12400,0.99749756,3.9891357,0.06896973,3.9980469,-5,-84,-1,81,31,-50
12415,0.99749756,3.9891357,0.06896973,3.9980469,-5,-80,-1,84,31,-51
12416,0.99749756,3.9891357,0.06896973,3.9980469,-5,-77,-1,86,31,-44
12432,0.99749756,3.9891357,0.06896973,3.9980469,-5,-80,-1,80,31,-46
12433,0.99749756,3.9891357,0.06896973,3.9980469,-5,-79,-1,80,31,-47
12448,0.99749756,3.9891357,0.06890869,3.9980469,-5,-79,-1,80,31,-45
12464,0.99749756,3.9891357,0.06890869,3.9980469,-5,-79,-1,81,31,-47
12464,0.99749756,3.9891357,0.06890869,3.9980469,-5,-79,-1,83,31,-49
12480,0.9975586,3.9891357,0.06890869,3.9980469,-5,-74,-1,83,31,-46
12496,0.9975586,3.9891357,0.06890869,3.9980469,-5,-74,-1,79,31,-45
12496,0.9975586,3.9891357,0.06890869,3.9980469,-5,-80,-1,80,31,-44
12512,0.9975586,3.9891357,0.06890869,3.9980469,-5,-81,-1,79,31,-48
12512,0.9975586,3.9891357,0.06890869,3.9980469,-5,-79,-1,80,31,-52
12529,0.9975586,3.9890747,0.06890869,3.9979858,-5,-78,-1,81,31,-52
12544,0.9975586,3.9890747,0.06890869,3.9979858,-5,-82,-1,80,31,-50
12544,0.9975586,3.9890747,0.06890869,3.9979858,-5,-87,-1,82,31,-44
12560,0.99749756,3.9891357,0.06890869,3.9979858,-5,-90,-1,82,31,-49
12576,0.99749756,3.9890747,0.06890869,3.9979858,-5,-89,-1,82,31,-50
12576,0.99749756,3.9890747,0.06890869,3.9979858,-5,-89,-1,81,31,-43
12592,0.99749756,3.9890747,0.06890869,3.9979858,-5,-89,-1,80,31,-45
12592,0.99749756,3.9891357,0.06890869,3.9979858,-5,-89,-1,84,31,-41
12609,0.99749756,3.9891357,0.06890869,3.9979858,-5,-86,-1,90,31,-40
12624,0.99749756,3.9891357,0.06890869,3.9979858,-5,-86,-1,95,31,-42
12624,0.9975586,3.9891357,0.06890869,3.9979858,-5,-83,-1,89,31,-40
12640,0.9975586,3.9891357,0.06890869,3.9979858,-5,-84,-1,87,31,-49
12657,0.9975586,3.9891357,0.06890869,3.9979858,-5,-87,-1,86,31,-52
12657,0.9975586,3.9891357,0.06890869,3.9979858,-5,-86,-1,89,31,-52
12672,0.9975586,3.9891357,0.06890869,3.9979858,-5,-86,-1,93,31,-55
12672,0.9975586,3.9891357,0.06890869,3.9979858,-5,-88,-1,93,31,-54
12688,0.9975586,3.9891357,0.06890869,3.9979858,-5,-89,-1,94,31,-46
12704,0.99749756,3.9891357,0.06890869,3.9979858,-5,-92,-1,89,31,-40
12705,0.9975586,3.9891357,0.06890869,3.9979858,-5,-89,-1,90,31,-46
12720,0.99749756,3.9891357,0.06890869,3.9979858,-5,-92,-1,88,31,-52
12736,0.99749756,3.9891357,0.06890869,3.9979858,-5,-92,-1,82,31,-55
12736,0.99749756,3.9891357,0.06896973,3.9979858,-5,-89,-1,80,31,-58
12753,0.99749756,3.9891357,0.06896973,3.9979858,-5,-93,-1,78,31,-51
12753,0.99749756,3.9891357,0.06896973,3.9979858,-5,-91,-1,82,31,-48
12768,0.9975586,3.9891357,0.06890869,3.9979858,-5,-84,-1,83,31,-44
12784,0.9975586,3.9891357,0.06890869,3.9979858,-5,-89,-1,85,31,-46
12784,0.99749756,3.9891357,0.06890869,3.9979858,-5,-90,-1,87,31,-49
12800,0.99749756,3.9891357,0.06890869,3.9979858,-5,-91,-1,88,31,-47
12816,0.99749756,3.9891357,0.06890869,3.9979858,-5,-88,-1,88,31,-52
12817,0.99749756,3.9891357,0.06896973,3.9979858,-5,-88,-1,92,31,-54
12832,0.99749756,3.9891357,0.06890869,3.9979858,-5,-87,-1,94,31,-59
12832,0.9975586,3.9891357,0.06890869,3.9979858,-5,-87,-1,89,31,-57
12864,0.99749756,3.9891357,0.06890869,3.9979858,-5,-87,-1,84,31,-59
12864,0.99749756,3.9891357,0.06890869,3.9979858,-5,-92,-1,87,31,-63
12880,0.99749756,3.9891357,0.06896973,3.9979858,-5,-91,-1,85,31,-60
12897,0.99749756,3.9891357,0.06896973,3.9979858,-5,-93,-1,86,31,-62
12897,0.99749756,3.9891357,0.06896973,3.9979858,-5,-89,-1,92,31,-57
12912,0.99749756,3.9891357,0.06890869,3.9979858,-5,-86,-1,92,31,-54
12912,0.99749756,3.9891357,0.06896973,3.9979858,-5,-87,-1,92,31,-52
12928,0.99749756,3.9891357,0.06896973,3.9979858,-5,-88,-1,89,31,-50
12945,0.99749756,3.9891357,0.06896973,3.9979858,-5,-88,-1,85,31,-51
12945,0.99749756,3.9891357,0.06896973,3.9979858,-5,-88,-1,91,31,-55
12960,0.99749756,3.9891357,0.06896973,3.9979858,-5,-87,-1,94,31,-55
12976,0.99749756,3.9891968,0.06896973,3.9979858,-5,-86,-1,94,31,-50
12976,0.99749756,3.9891968,0.06896973,3.9979858,-5,-88,-1,96,31,-52
12992,0.99749756,3.9891968,0.06896973,3.9979858,-5,-87,-1,92,31,-52
13007,0.99749756,3.9891968,0.06896973,3.9979858,-5,-90,-1,89,31,-49
13007,0.99749756,3.9891968,0.06896973,3.9979858,-5,-88,-1,89,31,-50
13024,0.99749756,3.9891968,0.06896973,3.9979858,-5,-84,-1,89,31,-48
13024,0.99749756,3.9891968,0.06896973,3.9979858,-5,-89,-1,90,31,-50
13040,0.99749756,3.9891968,0.06896973,3.9979858,-5,-90,-1,85,31,-54
13055,0.99749756,3.9891968,0.06896973,3.9979858,-5,-85,-1,82,31,-51
13056,0.99749756,3.9891968,0.06896973,3.9979858,-5,-85,-1,85,31,-50
13072,0.99749756,3.9891357,0.06896973,3.9980469,-5,-86,-1,83,31,-53
13088,0.99749756,3.9891357,0.06896973,3.9980469,-5,-85,-1,84,31,-50
13088,0.99749756,3.9891357,0.06896973,3.9980469,-5,-87,-1,83,31,-52
13104,0.99749756,3.9891968,0.06896973,3.9980469,-5,-87,-1,89,31,-48
13104,0.99749756,3.9891968,0.06896973,3.9980469,-5,-81,-1,87,31,-53
13120,0.99749756,3.9891968,0.06896973,3.9980469,-5,-83,-1,90,31,-51
13136,0.99749756,3.9891968,0.06896973,3.9980469,-5,-85,-1,91,31,-52
13136,0.99749756,3.9891968,0.06896973,3.9980469,-5,-85,-1,97,31,-54
13153,0.99749756,3.9891968,0.06896973,3.9980469,-5,-85,-1,91,31,-53
13168,0.99749756,3.9891968,0.06896973,3.9980469,-5,-84,-1,88,31,-45
13168,0.99749756,3.9891968,0.06896973,3.9980469,-5,-81,-1,92,31,-44
13184,0.99749756,3.9891968,0.06896973,3.9980469,-5,-85,-1,92,31,-47
13184,0.99749756,3.9891968,0.06896973,3.9980469,-5,-87,-1,92,31,-47
13200,0.99749756,3.9891968,0.06896973,3.9980469,-5,-86,-1,85,31,-56
13216,0.99749756,3.9891968,0.06896973,3.9980469,-5,-88,-1,82,31,-56
13216,0.99749756,3.9891357,0.06896973,3.9980469,-5,-85,-1,82,31,-53
13231,0.99749756,3.9891357,0.06896973,3.9980469,-5,-86,-1,82,31,-51
13248,0.99749756,3.9891357,0.06896973,3.9980469,-5,-89,-1,83,31,-51
13248,0.99749756,3.9891357,0.06896973,3.9980469,-5,-92,-1,81,31,-55
13264,0.99749756,3.9891357,0.06896973,3.9980469,-5,-91,-1,82,31,-57
13264,0.99749756,3.9891357,0.06896973,3.9980469,-5,-89,-1,85,31,-54
13280,0.99749756,3.9891357,0.06896973,3.9980469,-5,-91,-1,84,31,-57
13296,0.99749756,3.9891357,0.06896973,3.9980469,-5,-92,-1,85,31,-60
13296,0.99749756,3.9891357,0.06896973,3.9980469,-5,-94,-1,78,31,-62
13312,0.99749756,3.9891357,0.06896973,3.9980469,-5,-93,-1,73,31,-62
13328,0.99749756,3.9891357,0.06896973,3.9980469,-5,-89,-1,73,31,-59
13328,0.99749756,3.9891357,0.06896973,3.9980469,-5,-89,-1,78,31,-54
13344,0.99749756,3.9891357,0.06896973,3.9980469,-5,-88,-1,80,31,-56
13344,0.99749756,3.9891357,0.06896973,3.9980469,-5,-87,-1,78,31,-57
13360,0.99749756,3.9890747,0.06896973,3.9980469,-5,-87,-1,82,31,-55
13376,0.99749756,3.9891357,0.06896973,3.9980469,-5,-88,-1,84,31,-54
13376,0.99749756,3.9891357,0.06896973,3.9980469,-5,-86,-1,82,31,-57
13391,0.99749756,3.9890747,0.06896973,3.9980469,-5,-82,-1,81,31,-54
13408,0.99749756,3.9890747,0.06896973,3.9980469,-5,-84,-1,81,31,-53
13408,0.99749756,3.9890747,0.06896973,3.9980469,-5,-92,-1,75,31,-55
13424,0.99749756,3.9890747,0.06896973,3.9980469,-5,-92,-1,78,31,-62
13424,0.99749756,3.9890747,0.06896973,3.9980469,-5,-88,-1,85,31,-56
13440,0.99749756,3.9890747,0.06896973,3.9980469,-5,-90,-1,85,31,-49
13456,0.99749756,3.9890747,0.06896973,3.9980469,-5,-87,-1,84,31,-49
13456,0.99749756,3.9890747,0.06896973,3.9980469,-5,-84,-1,86,31,-48
13472,0.99749756,3.9891357,0.06896973,3.9980469,-5,-83,-1,87,31,-51
13488,0.99749756,3.9891357,0.06896973,3.9980469,-5,-82,-1,88,31,-52
13488,0.99749756,3.9891357,0.06896973,3.9980469,-5,-78,-1,84,31,-49
13504,0.99749756,3.9890747,0.06896973,3.9980469,-5,-68,-1,70,31,-47
13505,0.99749756,3.9891968,0.06903076,3.9980469,-5,-75,-1,76,31,-58
13520,0.99749756,3.9892578,0.0690918,3.9980469,-5,-98,-1,88,31,-71
13536,0.99749756,3.9891968,0.0690918,3.9979858,-5,-128,-1,115,31,-70
13536,0.9975586,3.9888916,0.068725586,3.9979858,-5,-118,-1,83,31,-62
13552,0.9975586,3.9888306,0.06829834,3.9980469,-5,-70,-1,80,31,-45
13568,0.9975586,3.9888306,0.06829834,3.9980469,-5,-44,-1,86,31,-41
13568,0.9975586,3.9888306,0.068603516,3.9980469,-5,-61,-1,56,31,-66
13584,0.9975586,3.9890137,0.068847656,3.9980469,-5,-86,-1,91,31,-70
13584,0.99749756,3.9890137,0.06896973,3.9979858,-5,-97,-1,115,31,-59
13600,0.9975586,3.9888306,0.06866455,3.9979858,-5,-99,-1,89,31,-48
13616,0.9975586,3.9887085,0.068237305,3.9980469,-5,-82,-1,89,31,-46
13616,0.9975586,3.9887085,0.0680542,3.9980469,-5,-71,-1,82,31,-48
13632,0.9975586,3.9887085,0.0680542,3.9979858,-5,-68,-1,77,31,-40
13648,0.9975586,3.9887085,0.06817627,3.9979858,-5,-28,-1,81,31,-20
13649,0.9975586,3.9888916,0.06866455,3.998108,-5,-26,-2,-30,31,-65
13664,0.99749756,3.9898071,0.06945801,3.998108,-5,-81,-1,65,31,-87
13664,0.9974365,3.9901733,0.070007324,3.9979248,-5,90,-1,-83,31,-103
13680,0.99749756,3.989502,0.06958008,3.9979248,-5,55,-1,-74,31,-98
13696,0.9975586,3.9884644,0.068359375,3.9979248,-5,-116,-1,82,31,-72
13697,0.9976196,3.9880981,0.06762695,3.9979858,-5,-19,-1,53,31,-44
13712,0.9975586,3.9882812,0.06793213,3.9979858,-5,-12,-2,-6,31,-68
13728,0.9975586,3.9889526,0.06866455,3.9979858,-5,-53,-1,50,31,-78
13728,0.99749756,3.9893188,0.06945801,3.9979858,-5,-96,-1,97,31,-74
13743,0.99749756,3.9893188,0.06958008,3.9979248,-5,-117,-1,109,31,-62
13744,0.99749756,3.9891357,0.06921387,3.9979858,-5,-116,-1,104,31,-60
13760,0.9975586,3.9888916,0.06866455,3.9979858,-5,-100,-1,99,31,-58
13776,0.9975586,3.9887085,0.068359375,3.9979858,-5,-77,-1,85,31,-58
13776,0.9975586,3.9885864,0.06842041,3.9979858,-5,-58,-1,75,31,-51
13793,0.9975586,3.9887085,0.06866455,3.9979858,-5,-53,-1,60,31,-52
13808,0.9975586,3.9888916,0.06890869,3.9979858,-5,-68,-1,74,31,-50
13808,0.99749756,3.9890137,0.06890869,3.9979858,-5,-86,-1,91,31,-52
13824,0.9975586,3.9890137,0.068847656,3.9979858,-5,-90,-1,97,31,-50
13824,0.9975586,3.9889526,0.06878662,3.9979858,-5,-86,-1,94,31,-49
13840,0.9975586,3.9888916,0.068725586,3.9979858,-5,-84,-1,86,31,-54
13856,0.9975586,3.9888306,0.068725586,3.9979858,-5,-83,-1,84,31,-52
13857,0.9975586,3.9888306,0.068725586,3.9979858,-5,-81,-1,77,31,-53
13872,0.9975586,3.9888306,0.068725586,3.9979858,-5,-77,-1,76,31,-52
13888,0.9975586,3.9888916,0.068725586,3.9979858,-5,-78,-1,79,31,-49
13888,0.9975586,3.9889526,0.068847656,3.9979858,-5,-82,-1,86,31,-62
13905,0.99749756,3.9889526,0.06890869,3.9979248,-5,-85,-1,87,31,-61
13905,0.9975586,3.9889526,0.06890869,3.9979248,-5,-83,-1,93,31,-61
13920,0.9975586,3.9888916,0.06878662,3.9979248,-5,-84,-1,88,31,-55
13936,0.9975586,3.9888306,0.06866455,3.9979858,-5,-78,-1,81,31,-49
13936,0.9975586,3.9888306,0.06866455,3.9979858,-5,-69,-1,80,31,-50
13952,0.9975586,3.9888306,0.068725586,3.9979858,-5,-79,-1,84,31,-44
13968,0.9975586,3.9888916,0.06878662,3.9979858,-5,-82,-1,90,31,-39
13968,0.9975586,3.9889526,0.068847656,3.9979858,-5,-88,-1,90,31,-44
13984,0.9975586,3.9888916,0.06878662,3.9979858,-5,-95,-1,89,31,-44
13984,0.9975586,3.9888916,0.068725586,3.9979858,-5,-91,-1,86,31,-46
13999,0.9975586,3.9888306,0.06866455,3.9979858,-5,-85,-1,79,31,-51
14016,0.9975586,3.9888916,0.068725586,3.9979858,-5,-81,-1,76,31,-53
14016,0.9975586,3.9888916,0.06878662,3.9979858,-5,-81,-1,84,31,-55
14032,0.9975586,3.9888916,0.068847656,3.9979858,-5,-84,-1,87,31,-55
14048,0.9975586,3.9888916,0.06878662,3.9979858,-5,-84,-1,86,31,-56
14049,0.9975586,3.9888916,0.06878662,3.9979858,-5,-84,-1,90,31,-60
14064,0.9975586,3.9888916,0.06878662,3.9979858,-5,-87,-1,88,31,-60
14080,0.9975586,3.9888916,0.06878662,3.9979858,-5,-84,-1,92,31,-59
14080,0.9975586,3.9889526,0.06878662,3.9979858,-5,-79,-1,92,31,-53
14096,0.9975586,3.9889526,0.06878662,3.9979858,-5,-81,-1,91,31,-48
14096,0.9975586,3.9889526,0.06878662,3.9979858,-5,-86,-1,92,31,-55
14112,0.9975586,3.9889526,0.068847656,3.9979858,-5,-89,-1,83,31,-55
14127,0.9975586,3.9889526,0.06878662,3.9979858,-5,-84,-1,82,31,-54
14127,0.9975586,3.9889526,0.06878662,3.9979858,-5,-80,-1,83,31,-55
14144,0.9975586,3.9889526,0.06878662,3.9979858,-5,-79,-1,88,31,-57
14144,0.9975586,3.9889526,0.06878662,3.9979858,-5,-81,-1,87,31,-55
14160,0.9975586,3.9889526,0.06878662,3.9979858,-5,-80,-1,84,31,-55
14176,0.9975586,3.9889526,0.06878662,3.9979858,-5,-76,-1,82,31,-55
14176,0.9975586,3.9889526,0.06878662,3.9979858,-5,-78,-1,82,31,-60
14191,0.9975586,3.9889526,0.06878662,3.9979858,-5,-80,-1,83,31,-59
14208,0.9975586,3.9888916,0.06878662,3.9979858,-5,-79,-1,85,31,-61
14208,0.9975586,3.9888916,0.068725586,3.9979858,-5,-80,-1,85,31,-52
14224,0.9975586,3.9888916,0.06878662,3.9979248,-5,-80,-1,83,31,-48
14224,0.9975586,3.9888916,0.06878662,3.9979248,-5,-82,-1,81,31,-49
14240,0.9975586,3.9888916,0.06878662,3.9979248,-5,-83,-1,82,31,-50
14256,0.9975586,3.9888916,0.06878662,3.9979248,-5,-83,-1,82,31,-51
14257,0.9975586,3.9888916,0.06878662,3.9979248,-5,-84,-1,80,31,-58
14272,0.9975586,3.9888916,0.06878662,3.9979248,-5,-80,-1,81,31,-60
14288,0.9975586,3.9888916,0.06878662,3.9979248,-5,-85,-1,83,31,-62
14288,0.9975586,3.9888916,0.06878662,3.9979248,-5,-85,-1,83,31,-60
14304,0.9975586,3.9888916,0.06878662,3.9979248,-5,-80,-1,84,31,-59
14320,0.9975586,3.9888916,0.06878662,3.9979248,-5,-80,-1,83,31,-60
14320,0.9975586,3.9888916,0.06878662,3.9979248,-5,-82,-1,84,31,-60
14336,0.9975586,3.9888916,0.06878662,3.9979248,-5,-78,-1,82,31,-60
14336,0.9975586,3.9888916,0.06878662,3.9979248,-5,-79,-1,78,31,-55
14353,0.9975586,3.9888916,0.068725586,3.9979248,-5,-79,-1,77,31,-54
14368,0.9975586,3.9888916,0.06878662,3.9979248,-5,-84,-1,80,31,-57
14368,0.9975586,3.9888916,0.06878662,3.9979248,-5,-85,-1,82,31,-61
14384,0.9975586,3.9888916,0.06878662,3.9979248,-5,-85,-1,81,31,-60
14399,0.9975586,3.9888916,0.06878662,3.9979248,-5,-83,-1,84,31,-53
14399,0.9975586,3.9888916,0.06878662,3.9979248,-5,-84,-1,79,31,-56
14416,0.9975586,3.9888916,0.06878662,3.9979248,-5,-83,-1,82,31,-59
14416,0.9975586,3.9888916,0.06878662,3.9979248,-5,-84,-1,88,31,-57
14432,0.9975586,3.9889526,0.06878662,3.9979248,-5,-86,-1,93,31,-52
14447,0.9975586,3.9889526,0.06878662,3.9979248,-5,-89,-1,88,31,-54
14448,0.9975586,3.9888916,0.06878662,3.9979248,-5,-87,-1,83,31,-54
14464,0.9975586,3.9888916,0.06878662,3.9979248,-5,-87,-1,83,31,-52
